REGION,SETTLEMENTDATE,TOTALDEMAND,RRP,PERIODTYPE
NSW1,2021/04/01 00:30:00,7012,35.46,TRADE
NSW1,2021/04/01 01:00:00,6815.37,34.21,TRADE
NSW1,2021/04/01 01:30:00,6495.25,32.83,TRADE
NSW1,2021/04/01 02:00:00,6308.43,32.71,TRADE
NSW1,2021/04/01 02:30:00,6179.93,31.87,TRADE
NSW1,2021/04/01 03:00:00,6075.2,31.39,TRADE
NSW1,2021/04/01 03:30:00,6110.07,31.72,TRADE
NSW1,2021/04/01 04:00:00,6177.91,32.74,TRADE
NSW1,2021/04/01 04:30:00,6408.53,37.78,TRADE
NSW1,2021/04/01 05:00:00,6710.08,36.12,TRADE
NSW1,2021/04/01 05:30:00,7105.33,36.06,TRADE
NSW1,2021/04/01 06:00:00,7569.47,41.09,TRADE
NSW1,2021/04/01 06:30:00,7932.95,54.19,TRADE
NSW1,2021/04/01 07:00:00,8112.71,58.92,TRADE
NSW1,2021/04/01 07:30:00,7973.15,39.49,TRADE
NSW1,2021/04/01 08:00:00,7657.94,30.75,TRADE
NSW1,2021/04/01 08:30:00,7410.88,24.83,TRADE
NSW1,2021/04/01 09:00:00,7198.61,21.72,TRADE
NSW1,2021/04/01 09:30:00,7069.51,26.35,TRADE
NSW1,2021/04/01 10:00:00,6942.23,23.22,TRADE
NSW1,2021/04/01 10:30:00,6840.95,23.95,TRADE
NSW1,2021/04/01 11:00:00,6928.17,33.16,TRADE
NSW1,2021/04/01 11:30:00,6924.77,35.26,TRADE
NSW1,2021/04/01 12:00:00,6904.35,34.05,TRADE
NSW1,2021/04/01 12:30:00,6926.54,33.93,TRADE
NSW1,2021/04/01 13:00:00,6961.63,33.91,TRADE
NSW1,2021/04/01 13:30:00,6940.01,34.42,TRADE
NSW1,2021/04/01 14:00:00,6917.12,33.41,TRADE
NSW1,2021/04/01 14:30:00,6978.42,33.05,TRADE
NSW1,2021/04/01 15:00:00,7129.56,33.17,TRADE
NSW1,2021/04/01 15:30:00,7404.24,34.18,TRADE
NSW1,2021/04/01 16:00:00,7617.25,34.25,TRADE
NSW1,2021/04/01 16:30:00,7821.53,34.70,TRADE
NSW1,2021/04/01 17:00:00,8121.8,45.59,TRADE
NSW1,2021/04/01 17:30:00,8224.04,50.01,TRADE
NSW1,2021/04/01 18:00:00,8368.54,108.87,TRADE
NSW1,2021/04/01 18:30:00,8421.34,72.05,TRADE
NSW1,2021/04/01 19:00:00,8334.6,53.18,TRADE
NSW1,2021/04/01 19:30:00,8153.32,42.17,TRADE
NSW1,2021/04/01 20:00:00,7979.21,36.78,TRADE
NSW1,2021/04/01 20:30:00,7751.48,37.14,TRADE
NSW1,2021/04/01 21:00:00,7572.19,42.63,TRADE
NSW1,2021/04/01 21:30:00,7540.89,36.01,TRADE
NSW1,2021/04/01 22:00:00,7372.82,33,TRADE
NSW1,2021/04/01 22:30:00,7355.2,34.71,TRADE
NSW1,2021/04/01 23:00:00,7214.74,33.16,TRADE
NSW1,2021/04/01 23:30:00,7180.46,35.16,TRADE
NSW1,2021/04/02 00:00:00,7108.14,33.99,TRADE
NSW1,2021/04/02 00:30:00,6919.16,32.73,TRADE
NSW1,2021/04/02 01:00:00,6737.07,32.91,TRADE
NSW1,2021/04/02 01:30:00,6452.42,31.18,TRADE
NSW1,2021/04/02 02:00:00,6231.22,31.70,TRADE
NSW1,2021/04/02 02:30:00,6043.99,30.17,TRADE
NSW1,2021/04/02 03:00:00,5976.7,31.77,TRADE
NSW1,2021/04/02 03:30:00,5942.76,31.66,TRADE
NSW1,2021/04/02 04:00:00,5915.82,31.25,TRADE
NSW1,2021/04/02 04:30:00,5916.68,32.47,TRADE
NSW1,2021/04/02 05:00:00,6006.81,33.74,TRADE
NSW1,2021/04/02 05:30:00,6125.76,33.81,TRADE
NSW1,2021/04/02 06:00:00,6274.12,34.21,TRADE
NSW1,2021/04/02 06:30:00,6381.79,32.77,TRADE
NSW1,2021/04/02 07:00:00,6504.3,33.29,TRADE
NSW1,2021/04/02 07:30:00,6520.2,26.77,TRADE
NSW1,2021/04/02 08:00:00,6431.98,13.13,TRADE
NSW1,2021/04/02 08:30:00,6334.7,-0.02,TRADE
NSW1,2021/04/02 09:00:00,6165.91,-2.55,TRADE
NSW1,2021/04/02 09:30:00,6008.67,0,TRADE
NSW1,2021/04/02 10:00:00,5871.8,-2.69,TRADE
NSW1,2021/04/02 10:30:00,5770.6,-22.68,TRADE
NSW1,2021/04/02 11:00:00,5666.68,-21.30,TRADE
NSW1,2021/04/02 11:30:00,5676.19,-16.96,TRADE
NSW1,2021/04/02 12:00:00,5578.88,-14.74,TRADE
NSW1,2021/04/02 12:30:00,5576.21,-12.09,TRADE
NSW1,2021/04/02 13:00:00,5500.92,-1.87,TRADE
NSW1,2021/04/02 13:30:00,5538.02,1.22,TRADE
NSW1,2021/04/02 14:00:00,5638.06,8.83,TRADE
NSW1,2021/04/02 14:30:00,5754.59,17.35,TRADE
NSW1,2021/04/02 15:00:00,5978.37,29.58,TRADE
NSW1,2021/04/02 15:30:00,6276.54,28.22,TRADE
NSW1,2021/04/02 16:00:00,6652.58,33.49,TRADE
NSW1,2021/04/02 16:30:00,7012.94,32.79,TRADE
NSW1,2021/04/02 17:00:00,7408.73,42.55,TRADE
NSW1,2021/04/02 17:30:00,7682.32,44.34,TRADE
NSW1,2021/04/02 18:00:00,7819.5,51.45,TRADE
NSW1,2021/04/02 18:30:00,7871.8,54.37,TRADE
NSW1,2021/04/02 19:00:00,7791.78,44.57,TRADE
NSW1,2021/04/02 19:30:00,7552.59,34.15,TRADE
NSW1,2021/04/02 20:00:00,7388.13,33.53,TRADE
NSW1,2021/04/02 20:30:00,7245.26,32.49,TRADE
NSW1,2021/04/02 21:00:00,7142.01,32.10,TRADE
NSW1,2021/04/02 21:30:00,7074.94,31.72,TRADE
NSW1,2021/04/02 22:00:00,7086.37,32.33,TRADE
NSW1,2021/04/02 22:30:00,7113.48,34.77,TRADE
NSW1,2021/04/02 23:00:00,7065.08,34.25,TRADE
NSW1,2021/04/02 23:30:00,6983.9,35.06,TRADE
NSW1,2021/04/03 00:00:00,6921.67,34.48,TRADE
NSW1,2021/04/03 00:30:00,6734.97,32.96,TRADE
NSW1,2021/04/03 01:00:00,6537.11,29.72,TRADE
NSW1,2021/04/03 01:30:00,6311.91,29.43,TRADE
NSW1,2021/04/03 02:00:00,6107,31.35,TRADE
NSW1,2021/04/03 02:30:00,5942.66,21.10,TRADE
NSW1,2021/04/03 03:00:00,5841.61,20.70,TRADE
NSW1,2021/04/03 03:30:00,5797.44,20.68,TRADE
NSW1,2021/04/03 04:00:00,5807.18,20.95,TRADE
NSW1,2021/04/03 04:30:00,5854.05,21.73,TRADE
NSW1,2021/04/03 05:00:00,5933.86,25.95,TRADE
NSW1,2021/04/03 05:30:00,6116.35,29.09,TRADE
NSW1,2021/04/03 06:00:00,6269.21,32.13,TRADE
NSW1,2021/04/03 06:30:00,6482.31,31.60,TRADE
NSW1,2021/04/03 07:00:00,6644.46,32.36,TRADE
NSW1,2021/04/03 07:30:00,6764.91,21.94,TRADE
NSW1,2021/04/03 08:00:00,6710.68,2.16,TRADE
NSW1,2021/04/03 08:30:00,6644.87,2.16,TRADE
NSW1,2021/04/03 09:00:00,6467.01,0,TRADE
NSW1,2021/04/03 09:30:00,6281.61,9.42,TRADE
NSW1,2021/04/03 10:00:00,6043.23,13.44,TRADE
NSW1,2021/04/03 10:30:00,5902.82,0.76,TRADE
NSW1,2021/04/03 11:00:00,5835.33,0,TRADE
NSW1,2021/04/03 11:30:00,5742.91,-0.15,TRADE
NSW1,2021/04/03 12:00:00,5668.66,-1.96,TRADE
NSW1,2021/04/03 12:30:00,5657.92,0,TRADE
NSW1,2021/04/03 13:00:00,5708.53,0.41,TRADE
NSW1,2021/04/03 13:30:00,5800.34,7.70,TRADE
NSW1,2021/04/03 14:00:00,5912.64,21.20,TRADE
NSW1,2021/04/03 14:30:00,6059.83,32.63,TRADE
NSW1,2021/04/03 15:00:00,6282.68,32.48,TRADE
NSW1,2021/04/03 15:30:00,6609.83,33.87,TRADE
NSW1,2021/04/03 16:00:00,6959.77,34.71,TRADE
NSW1,2021/04/03 16:30:00,7255.46,33.49,TRADE
NSW1,2021/04/03 17:00:00,7611.4,42.58,TRADE
NSW1,2021/04/03 17:30:00,7825.7,46.15,TRADE
NSW1,2021/04/03 18:00:00,7934.57,65.20,TRADE
NSW1,2021/04/03 18:30:00,7977.12,57.02,TRADE
NSW1,2021/04/03 19:00:00,7873.05,46.86,TRADE
NSW1,2021/04/03 19:30:00,7632.79,38.52,TRADE
NSW1,2021/04/03 20:00:00,7483.01,38.14,TRADE
NSW1,2021/04/03 20:30:00,7351.8,36.32,TRADE
NSW1,2021/04/03 21:00:00,7221.59,35.39,TRADE
NSW1,2021/04/03 21:30:00,7161.29,36.05,TRADE
NSW1,2021/04/03 22:00:00,7045.48,35.27,TRADE
NSW1,2021/04/03 22:30:00,7048.34,38.25,TRADE
NSW1,2021/04/03 23:00:00,6927.77,35.84,TRADE
NSW1,2021/04/03 23:30:00,6738.66,34.91,TRADE
NSW1,2021/04/04 00:00:00,6665.39,34.73,TRADE
NSW1,2021/04/04 00:30:00,6518.1,35.25,TRADE
NSW1,2021/04/04 01:00:00,6363.81,35.07,TRADE
NSW1,2021/04/04 01:30:00,6123.07,33.35,TRADE
NSW1,2021/04/04 02:00:00,5966.63,35.49,TRADE
NSW1,2021/04/04 02:30:00,5814.37,34.90,TRADE
NSW1,2021/04/04 03:00:00,5755.28,36.04,TRADE
NSW1,2021/04/04 03:30:00,5710.56,35.03,TRADE
NSW1,2021/04/04 04:00:00,5672.12,35.73,TRADE
NSW1,2021/04/04 04:30:00,5694.38,35.84,TRADE
NSW1,2021/04/04 05:00:00,5701.19,35.12,TRADE
NSW1,2021/04/04 05:30:00,5803.79,35.44,TRADE
NSW1,2021/04/04 06:00:00,5926.88,35.47,TRADE
NSW1,2021/04/04 06:30:00,6012.42,34.15,TRADE
NSW1,2021/04/04 07:00:00,6194.66,35.49,TRADE
NSW1,2021/04/04 07:30:00,6167.7,31.70,TRADE
NSW1,2021/04/04 08:00:00,6173.57,24.69,TRADE
NSW1,2021/04/04 08:30:00,6171.68,19.50,TRADE
NSW1,2021/04/04 09:00:00,6164.44,22.27,TRADE
NSW1,2021/04/04 09:30:00,6031.55,24.73,TRADE
NSW1,2021/04/04 10:00:00,5907.7,17.82,TRADE
NSW1,2021/04/04 10:30:00,5786.53,17.87,TRADE
NSW1,2021/04/04 11:00:00,5722.87,23.84,TRADE
NSW1,2021/04/04 11:30:00,5751.84,19.19,TRADE
NSW1,2021/04/04 12:00:00,5743.97,22.50,TRADE
NSW1,2021/04/04 12:30:00,5717.07,21.44,TRADE
NSW1,2021/04/04 13:00:00,5885.25,23.47,TRADE
NSW1,2021/04/04 13:30:00,5962.92,23.32,TRADE
NSW1,2021/04/04 14:00:00,6096.99,30.94,TRADE
NSW1,2021/04/04 14:30:00,6327.16,35.49,TRADE
NSW1,2021/04/04 15:00:00,6585.24,35.54,TRADE
NSW1,2021/04/04 15:30:00,6842.49,35.96,TRADE
NSW1,2021/04/04 16:00:00,7104.14,35.50,TRADE
NSW1,2021/04/04 16:30:00,7414.19,34.20,TRADE
NSW1,2021/04/04 17:00:00,7685.73,43.12,TRADE
NSW1,2021/04/04 17:30:00,7880.28,43.97,TRADE
NSW1,2021/04/04 18:00:00,8012.24,59.89,TRADE
NSW1,2021/04/04 18:30:00,8164.26,51.04,TRADE
NSW1,2021/04/04 19:00:00,8129.9,48.18,TRADE
NSW1,2021/04/04 19:30:00,7888.2,36.90,TRADE
NSW1,2021/04/04 20:00:00,7683.99,36.73,TRADE
NSW1,2021/04/04 20:30:00,7529.26,35.55,TRADE
NSW1,2021/04/04 21:00:00,7367.84,35.81,TRADE
NSW1,2021/04/04 21:30:00,7280.86,35.10,TRADE
NSW1,2021/04/04 22:00:00,7119.64,34.93,TRADE
NSW1,2021/04/04 22:30:00,7102.54,44.54,TRADE
NSW1,2021/04/04 23:00:00,6992.42,36.45,TRADE
NSW1,2021/04/04 23:30:00,6938.21,40.77,TRADE
NSW1,2021/04/05 00:00:00,6789.62,38.41,TRADE
NSW1,2021/04/05 00:30:00,6627.23,35.33,TRADE
NSW1,2021/04/05 01:00:00,6513.5,36.12,TRADE
NSW1,2021/04/05 01:30:00,6367.68,37.87,TRADE
NSW1,2021/04/05 02:00:00,6195.77,36.42,TRADE
NSW1,2021/04/05 02:30:00,6026.23,35.53,TRADE
NSW1,2021/04/05 03:00:00,5906.92,35.61,TRADE
NSW1,2021/04/05 03:30:00,5819.56,35.62,TRADE
NSW1,2021/04/05 04:00:00,5811.49,35.71,TRADE
NSW1,2021/04/05 04:30:00,5791.03,36.08,TRADE
NSW1,2021/04/05 05:00:00,5756.83,35.11,TRADE
NSW1,2021/04/05 05:30:00,5871.34,35.53,TRADE
NSW1,2021/04/05 06:00:00,5922.62,33.80,TRADE
NSW1,2021/04/05 06:30:00,6128.6,33.01,TRADE
NSW1,2021/04/05 07:00:00,6212.37,33.82,TRADE
NSW1,2021/04/05 07:30:00,6259.75,33.43,TRADE
NSW1,2021/04/05 08:00:00,6251.55,29.96,TRADE
NSW1,2021/04/05 08:30:00,6329.1,28.70,TRADE
NSW1,2021/04/05 09:00:00,6317.64,32.62,TRADE
NSW1,2021/04/05 09:30:00,6310.13,34.67,TRADE
NSW1,2021/04/05 10:00:00,6299.45,33.84,TRADE
NSW1,2021/04/05 10:30:00,6408.18,33.87,TRADE
NSW1,2021/04/05 11:00:00,6382.7,33.01,TRADE
NSW1,2021/04/05 11:30:00,6307.28,31.92,TRADE
NSW1,2021/04/05 12:00:00,6367.33,32.32,TRADE
NSW1,2021/04/05 12:30:00,6388.64,31.51,TRADE
NSW1,2021/04/05 13:00:00,6451.07,32.05,TRADE
NSW1,2021/04/05 13:30:00,6565.4,33.05,TRADE
NSW1,2021/04/05 14:00:00,6666.1,35.08,TRADE
NSW1,2021/04/05 14:30:00,6818.74,35.55,TRADE
NSW1,2021/04/05 15:00:00,6948.32,35.84,TRADE
NSW1,2021/04/05 15:30:00,7225.59,38,TRADE
NSW1,2021/04/05 16:00:00,7496.3,37.73,TRADE
NSW1,2021/04/05 16:30:00,7811.33,34.08,TRADE
NSW1,2021/04/05 17:00:00,8115.4,52.96,TRADE
NSW1,2021/04/05 17:30:00,8238.89,47.01,TRADE
NSW1,2021/04/05 18:00:00,8343.07,54.09,TRADE
NSW1,2021/04/05 18:30:00,8482.67,67.76,TRADE
NSW1,2021/04/05 19:00:00,8385.43,53.69,TRADE
NSW1,2021/04/05 19:30:00,8132.45,39.18,TRADE
NSW1,2021/04/05 20:00:00,7847.48,35.59,TRADE
NSW1,2021/04/05 20:30:00,7644.41,37.49,TRADE
NSW1,2021/04/05 21:00:00,7489.27,36.26,TRADE
NSW1,2021/04/05 21:30:00,7344.28,35.05,TRADE
NSW1,2021/04/05 22:00:00,7218.59,33.14,TRADE
NSW1,2021/04/05 22:30:00,7267.17,35.68,TRADE
NSW1,2021/04/05 23:00:00,7196.6,35.12,TRADE
NSW1,2021/04/05 23:30:00,7112.67,35.57,TRADE
NSW1,2021/04/06 00:00:00,7079.43,39,TRADE
NSW1,2021/04/06 00:30:00,6974.62,42.39,TRADE
NSW1,2021/04/06 01:00:00,6847.5,35.92,TRADE
NSW1,2021/04/06 01:30:00,6665.71,35.08,TRADE
NSW1,2021/04/06 02:00:00,6457.09,35.52,TRADE
NSW1,2021/04/06 02:30:00,6203.02,34.13,TRADE
NSW1,2021/04/06 03:00:00,6047.29,34.43,TRADE
NSW1,2021/04/06 03:30:00,5992.75,35.35,TRADE
NSW1,2021/04/06 04:00:00,5927.77,33.91,TRADE
NSW1,2021/04/06 04:30:00,5967.87,33.01,TRADE
NSW1,2021/04/06 05:00:00,6024.73,32.83,TRADE
NSW1,2021/04/06 05:30:00,6265.23,33,TRADE
NSW1,2021/04/06 06:00:00,6516.43,38.67,TRADE
NSW1,2021/04/06 06:30:00,6928.01,41.11,TRADE
NSW1,2021/04/06 07:00:00,7255.19,50.69,TRADE
NSW1,2021/04/06 07:30:00,7445.17,44.73,TRADE
NSW1,2021/04/06 08:00:00,7598.27,36.01,TRADE
NSW1,2021/04/06 08:30:00,7652.47,33.71,TRADE
NSW1,2021/04/06 09:00:00,7675.74,36.79,TRADE
NSW1,2021/04/06 09:30:00,7756.73,42.50,TRADE
NSW1,2021/04/06 10:00:00,7774.62,36.30,TRADE
NSW1,2021/04/06 10:30:00,7853.17,36.62,TRADE
NSW1,2021/04/06 11:00:00,7792.24,35.54,TRADE
NSW1,2021/04/06 11:30:00,7812.65,36.40,TRADE
NSW1,2021/04/06 12:00:00,7834.48,36.14,TRADE
NSW1,2021/04/06 12:30:00,7836.82,36.57,TRADE
NSW1,2021/04/06 13:00:00,7861.29,36.48,TRADE
NSW1,2021/04/06 13:30:00,7938.99,40.19,TRADE
NSW1,2021/04/06 14:00:00,7973.65,39.79,TRADE
NSW1,2021/04/06 14:30:00,8082.18,42.90,TRADE
NSW1,2021/04/06 15:00:00,8136.19,43.87,TRADE
NSW1,2021/04/06 15:30:00,8278.56,47.65,TRADE
NSW1,2021/04/06 16:00:00,8407.44,45.75,TRADE
NSW1,2021/04/06 16:30:00,8572.82,53.63,TRADE
NSW1,2021/04/06 17:00:00,8746.41,58.70,TRADE
NSW1,2021/04/06 17:30:00,8869.8,62.02,TRADE
NSW1,2021/04/06 18:00:00,8962.65,106.06,TRADE
NSW1,2021/04/06 18:30:00,9111.8,86.55,TRADE
NSW1,2021/04/06 19:00:00,8959.11,53.67,TRADE
NSW1,2021/04/06 19:30:00,8635.82,37.97,TRADE
NSW1,2021/04/06 20:00:00,8355.88,39.70,TRADE
NSW1,2021/04/06 20:30:00,8095.31,35.13,TRADE
NSW1,2021/04/06 21:00:00,7897.12,36.55,TRADE
NSW1,2021/04/06 21:30:00,7761.68,33.54,TRADE
NSW1,2021/04/06 22:00:00,7612.63,31.69,TRADE
NSW1,2021/04/06 22:30:00,7589.4,37.28,TRADE
NSW1,2021/04/06 23:00:00,7517.96,35.18,TRADE
NSW1,2021/04/06 23:30:00,7422.44,34.87,TRADE
NSW1,2021/04/07 00:00:00,7351.15,34.64,TRADE
NSW1,2021/04/07 00:30:00,7230.35,40.18,TRADE
NSW1,2021/04/07 01:00:00,7086.06,36.02,TRADE
NSW1,2021/04/07 01:30:00,6836.07,36.37,TRADE
NSW1,2021/04/07 02:00:00,6649.53,35.13,TRADE
NSW1,2021/04/07 02:30:00,6412.82,33.40,TRADE
NSW1,2021/04/07 03:00:00,6235.06,32.33,TRADE
NSW1,2021/04/07 03:30:00,6138.78,32.53,TRADE
NSW1,2021/04/07 04:00:00,6118.43,31.90,TRADE
NSW1,2021/04/07 04:30:00,6117.6,32.20,TRADE
NSW1,2021/04/07 05:00:00,6176.31,32.36,TRADE
NSW1,2021/04/07 05:30:00,6391.17,34.04,TRADE
NSW1,2021/04/07 06:00:00,6670.69,38.20,TRADE
NSW1,2021/04/07 06:30:00,7098.08,41.65,TRADE
NSW1,2021/04/07 07:00:00,7404.97,51.89,TRADE
NSW1,2021/04/07 07:30:00,7565.55,45.20,TRADE
NSW1,2021/04/07 08:00:00,7637.89,37.27,TRADE
NSW1,2021/04/07 08:30:00,7647.35,34.43,TRADE
NSW1,2021/04/07 09:00:00,7610.33,36.95,TRADE
NSW1,2021/04/07 09:30:00,7730.77,44.57,TRADE
NSW1,2021/04/07 10:00:00,7667.38,36.93,TRADE
NSW1,2021/04/07 10:30:00,7749.75,38.11,TRADE
NSW1,2021/04/07 11:00:00,7695.07,36.30,TRADE
NSW1,2021/04/07 11:30:00,7685.47,36.31,TRADE
NSW1,2021/04/07 12:00:00,7625.47,37.35,TRADE
NSW1,2021/04/07 12:30:00,7568.7,42.02,TRADE
NSW1,2021/04/07 13:00:00,7567.49,41.71,TRADE
NSW1,2021/04/07 13:30:00,7621.67,44.41,TRADE
NSW1,2021/04/07 14:00:00,7675.91,40.33,TRADE
NSW1,2021/04/07 14:30:00,7758.8,42.28,TRADE
NSW1,2021/04/07 15:00:00,7866.45,50.77,TRADE
NSW1,2021/04/07 15:30:00,8021.52,58.12,TRADE
NSW1,2021/04/07 16:00:00,8237.88,59.29,TRADE
NSW1,2021/04/07 16:30:00,8436.98,64.15,TRADE
NSW1,2021/04/07 17:00:00,8678.4,80.22,TRADE
NSW1,2021/04/07 17:30:00,8842.62,57.05,TRADE
NSW1,2021/04/07 18:00:00,9080.06,206.31,TRADE
NSW1,2021/04/07 18:30:00,9131.89,229.17,TRADE
NSW1,2021/04/07 19:00:00,8963,61.41,TRADE
NSW1,2021/04/07 19:30:00,8653.41,48.36,TRADE
NSW1,2021/04/07 20:00:00,8406.13,54.19,TRADE
NSW1,2021/04/07 20:30:00,8172.06,52.35,TRADE
NSW1,2021/04/07 21:00:00,8029.45,40.50,TRADE
NSW1,2021/04/07 21:30:00,7882.17,51.24,TRADE
NSW1,2021/04/07 22:00:00,7709.32,39.30,TRADE
NSW1,2021/04/07 22:30:00,7704.76,50.14,TRADE
NSW1,2021/04/07 23:00:00,7615.65,44.81,TRADE
NSW1,2021/04/07 23:30:00,7539.49,47.95,TRADE
NSW1,2021/04/08 00:00:00,7462.79,44.90,TRADE
NSW1,2021/04/08 00:30:00,7311.43,46.72,TRADE
NSW1,2021/04/08 01:00:00,7121.88,41.11,TRADE
NSW1,2021/04/08 01:30:00,6922.59,41.65,TRADE
NSW1,2021/04/08 02:00:00,6731.48,38.48,TRADE
NSW1,2021/04/08 02:30:00,6457.07,36.69,TRADE
NSW1,2021/04/08 03:00:00,6269.19,37.98,TRADE
NSW1,2021/04/08 03:30:00,6191.95,37.59,TRADE
NSW1,2021/04/08 04:00:00,6130.76,38.89,TRADE
NSW1,2021/04/08 04:30:00,6164.46,39.02,TRADE
NSW1,2021/04/08 05:00:00,6199.57,38.80,TRADE
NSW1,2021/04/08 05:30:00,6453.93,39.44,TRADE
NSW1,2021/04/08 06:00:00,6673.13,41.97,TRADE
NSW1,2021/04/08 06:30:00,7107.43,47.76,TRADE
NSW1,2021/04/08 07:00:00,7363.98,52.01,TRADE
NSW1,2021/04/08 07:30:00,7382.82,34.53,TRADE
NSW1,2021/04/08 08:00:00,7453.03,31.90,TRADE
NSW1,2021/04/08 08:30:00,7412.86,30.78,TRADE
NSW1,2021/04/08 09:00:00,7426.88,37.34,TRADE
NSW1,2021/04/08 09:30:00,7393.67,39.47,TRADE
NSW1,2021/04/08 10:00:00,7365.03,34.58,TRADE
NSW1,2021/04/08 10:30:00,7307.03,31.78,TRADE
NSW1,2021/04/08 11:00:00,7295.08,31.29,TRADE
NSW1,2021/04/08 11:30:00,7215.86,28.77,TRADE
NSW1,2021/04/08 12:00:00,7172.3,31.20,TRADE
NSW1,2021/04/08 12:30:00,7240.45,29.58,TRADE
NSW1,2021/04/08 13:00:00,7291.87,35.34,TRADE
NSW1,2021/04/08 13:30:00,7343.27,33.55,TRADE
NSW1,2021/04/08 14:00:00,7490.75,30.55,TRADE
NSW1,2021/04/08 14:30:00,7643.43,32.19,TRADE
NSW1,2021/04/08 15:00:00,7760.04,30.61,TRADE
NSW1,2021/04/08 15:30:00,7893.13,34.98,TRADE
NSW1,2021/04/08 16:00:00,8124.44,39.71,TRADE
NSW1,2021/04/08 16:30:00,8358.89,47.44,TRADE
NSW1,2021/04/08 17:00:00,8664.13,54.50,TRADE
NSW1,2021/04/08 17:30:00,8810.23,48.24,TRADE
NSW1,2021/04/08 18:00:00,8992.01,52.14,TRADE
NSW1,2021/04/08 18:30:00,9116.85,51.49,TRADE
NSW1,2021/04/08 19:00:00,9024.09,60.46,TRADE
NSW1,2021/04/08 19:30:00,8765.13,58.57,TRADE
NSW1,2021/04/08 20:00:00,8473.39,46.61,TRADE
NSW1,2021/04/08 20:30:00,8291.55,59.37,TRADE
NSW1,2021/04/08 21:00:00,8118.82,68.36,TRADE
NSW1,2021/04/08 21:30:00,7946.06,63.31,TRADE
NSW1,2021/04/08 22:00:00,7725.92,43.93,TRADE
NSW1,2021/04/08 22:30:00,7689.68,48.65,TRADE
NSW1,2021/04/08 23:00:00,7577.67,43.45,TRADE
NSW1,2021/04/08 23:30:00,7508.14,50.94,TRADE
NSW1,2021/04/09 00:00:00,7416.41,39.18,TRADE
NSW1,2021/04/09 00:30:00,7209.44,37.80,TRADE
NSW1,2021/04/09 01:00:00,7088.76,36.10,TRADE
NSW1,2021/04/09 01:30:00,6842.51,36.92,TRADE
NSW1,2021/04/09 02:00:00,6693.78,36.18,TRADE
NSW1,2021/04/09 02:30:00,6426.54,35.16,TRADE
NSW1,2021/04/09 03:00:00,6223.06,34.72,TRADE
NSW1,2021/04/09 03:30:00,6134.95,35.17,TRADE
NSW1,2021/04/09 04:00:00,6064.33,35.18,TRADE
NSW1,2021/04/09 04:30:00,6084,34.32,TRADE
NSW1,2021/04/09 05:00:00,6155.45,35.10,TRADE
NSW1,2021/04/09 05:30:00,6373.48,37.55,TRADE
NSW1,2021/04/09 06:00:00,6571.41,40.11,TRADE
NSW1,2021/04/09 06:30:00,6906.82,37.49,TRADE
NSW1,2021/04/09 07:00:00,7121.78,30.29,TRADE
NSW1,2021/04/09 07:30:00,7206.7,35.15,TRADE
NSW1,2021/04/09 08:00:00,7256.55,36.26,TRADE
NSW1,2021/04/09 08:30:00,7211.57,34.80,TRADE
NSW1,2021/04/09 09:00:00,7168.91,34.95,TRADE
NSW1,2021/04/09 09:30:00,7182.45,30.35,TRADE
NSW1,2021/04/09 10:00:00,7121.77,31.20,TRADE
NSW1,2021/04/09 10:30:00,7349.77,40.32,TRADE
NSW1,2021/04/09 11:00:00,7551.81,36.05,TRADE
NSW1,2021/04/09 11:30:00,7491.02,30.70,TRADE
NSW1,2021/04/09 12:00:00,7446.19,27.42,TRADE
NSW1,2021/04/09 12:30:00,7315.35,21.98,TRADE
NSW1,2021/04/09 13:00:00,7194.12,12.13,TRADE
NSW1,2021/04/09 13:30:00,7142.69,9.30,TRADE
NSW1,2021/04/09 14:00:00,7023.63,10.89,TRADE
NSW1,2021/04/09 14:30:00,7154.67,16.17,TRADE
NSW1,2021/04/09 15:00:00,7375.67,24.93,TRADE
NSW1,2021/04/09 15:30:00,7611.1,32.20,TRADE
NSW1,2021/04/09 16:00:00,7875.97,30.92,TRADE
NSW1,2021/04/09 16:30:00,8138.2,33.56,TRADE
NSW1,2021/04/09 17:00:00,8469.5,48.31,TRADE
NSW1,2021/04/09 17:30:00,8601.55,58.54,TRADE
NSW1,2021/04/09 18:00:00,8751.02,53.94,TRADE
NSW1,2021/04/09 18:30:00,8842.34,57.58,TRADE
NSW1,2021/04/09 19:00:00,8630.88,54.96,TRADE
NSW1,2021/04/09 19:30:00,8371.95,49.09,TRADE
NSW1,2021/04/09 20:00:00,8104.87,50.52,TRADE
NSW1,2021/04/09 20:30:00,7939.64,57.25,TRADE
NSW1,2021/04/09 21:00:00,7779,55.72,TRADE
NSW1,2021/04/09 21:30:00,7647.56,57.08,TRADE
NSW1,2021/04/09 22:00:00,7516.81,49.61,TRADE
NSW1,2021/04/09 22:30:00,7602.38,64.35,TRADE
NSW1,2021/04/09 23:00:00,7469.13,54.63,TRADE
NSW1,2021/04/09 23:30:00,7403.78,48.71,TRADE
NSW1,2021/04/10 00:00:00,7321.16,51.81,TRADE
NSW1,2021/04/10 00:30:00,7217.88,51.62,TRADE
NSW1,2021/04/10 01:00:00,7042.79,55.50,TRADE
NSW1,2021/04/10 01:30:00,6833.7,59.13,TRADE
NSW1,2021/04/10 02:00:00,6638.68,53.49,TRADE
NSW1,2021/04/10 02:30:00,6375.23,42.22,TRADE
NSW1,2021/04/10 03:00:00,6151.6,37.16,TRADE
NSW1,2021/04/10 03:30:00,6042.12,36.26,TRADE
NSW1,2021/04/10 04:00:00,5982.62,36.03,TRADE
NSW1,2021/04/10 04:30:00,5966.62,34.66,TRADE
NSW1,2021/04/10 05:00:00,5873.08,35.84,TRADE
NSW1,2021/04/10 05:30:00,6003.9,36.46,TRADE
NSW1,2021/04/10 06:00:00,6072.65,36.93,TRADE
NSW1,2021/04/10 06:30:00,6308.09,37.59,TRADE
NSW1,2021/04/10 07:00:00,6453.86,34.03,TRADE
NSW1,2021/04/10 07:30:00,6665.12,32.90,TRADE
NSW1,2021/04/10 08:00:00,6854.26,32.91,TRADE
NSW1,2021/04/10 08:30:00,6935.41,31.43,TRADE
NSW1,2021/04/10 09:00:00,6855.6,30.95,TRADE
NSW1,2021/04/10 09:30:00,6679.84,23.53,TRADE
NSW1,2021/04/10 10:00:00,6238.17,-14.47,TRADE
NSW1,2021/04/10 10:30:00,6016.69,-5.77,TRADE
NSW1,2021/04/10 11:00:00,5802.75,-2.08,TRADE
NSW1,2021/04/10 11:30:00,5674.18,-3.40,TRADE
NSW1,2021/04/10 12:00:00,5620.02,-21.99,TRADE
NSW1,2021/04/10 12:30:00,5663.5,0.12,TRADE
NSW1,2021/04/10 13:00:00,5619.79,-0.91,TRADE
NSW1,2021/04/10 13:30:00,5663.92,1.63,TRADE
NSW1,2021/04/10 14:00:00,5753.73,12.71,TRADE
NSW1,2021/04/10 14:30:00,5878.86,16.32,TRADE
NSW1,2021/04/10 15:00:00,6100.05,28.81,TRADE
NSW1,2021/04/10 15:30:00,6321.4,16.70,TRADE
NSW1,2021/04/10 16:00:00,6727.01,31.54,TRADE
NSW1,2021/04/10 16:30:00,7012.65,35.08,TRADE
NSW1,2021/04/10 17:00:00,7348.12,39.95,TRADE
NSW1,2021/04/10 17:30:00,7598.35,52.91,TRADE
NSW1,2021/04/10 18:00:00,7846.31,56.24,TRADE
NSW1,2021/04/10 18:30:00,8039.78,50.40,TRADE
NSW1,2021/04/10 19:00:00,7913.59,37.77,TRADE
NSW1,2021/04/10 19:30:00,7650.93,33.74,TRADE
NSW1,2021/04/10 20:00:00,7498.74,42.41,TRADE
NSW1,2021/04/10 20:30:00,7348.58,35.22,TRADE
NSW1,2021/04/10 21:00:00,7202.34,34,TRADE
NSW1,2021/04/10 21:30:00,7128.26,34.66,TRADE
NSW1,2021/04/10 22:00:00,7011.64,33.86,TRADE
NSW1,2021/04/10 22:30:00,6998.84,36.95,TRADE
NSW1,2021/04/10 23:00:00,6930.12,34.68,TRADE
NSW1,2021/04/10 23:30:00,6889.67,35.12,TRADE
NSW1,2021/04/11 00:00:00,6768.92,34.73,TRADE
NSW1,2021/04/11 00:30:00,6584.19,34.52,TRADE
NSW1,2021/04/11 01:00:00,6486.25,38.02,TRADE
NSW1,2021/04/11 01:30:00,6293.51,35.52,TRADE
NSW1,2021/04/11 02:00:00,6080.79,34.84,TRADE
NSW1,2021/04/11 02:30:00,5859.21,33.13,TRADE
NSW1,2021/04/11 03:00:00,5705.5,32.80,TRADE
NSW1,2021/04/11 03:30:00,5637.46,32.82,TRADE
NSW1,2021/04/11 04:00:00,5573.5,32.89,TRADE
NSW1,2021/04/11 04:30:00,5564.17,29.67,TRADE
NSW1,2021/04/11 05:00:00,5571.05,32.49,TRADE
NSW1,2021/04/11 05:30:00,5650.93,32.80,TRADE
NSW1,2021/04/11 06:00:00,5781.88,32.15,TRADE
NSW1,2021/04/11 06:30:00,5999.1,28.51,TRADE
NSW1,2021/04/11 07:00:00,6062.27,29.72,TRADE
NSW1,2021/04/11 07:30:00,6029.45,8.67,TRADE
NSW1,2021/04/11 08:00:00,6027.67,3.58,TRADE
NSW1,2021/04/11 08:30:00,6067.25,17.88,TRADE
NSW1,2021/04/11 09:00:00,5962.35,11.73,TRADE
NSW1,2021/04/11 09:30:00,5856.29,11.18,TRADE
NSW1,2021/04/11 10:00:00,5763.46,5.08,TRADE
NSW1,2021/04/11 10:30:00,5629.17,-4,TRADE
NSW1,2021/04/11 11:00:00,5467.02,-7.30,TRADE
NSW1,2021/04/11 11:30:00,5236.04,-41.25,TRADE
NSW1,2021/04/11 12:00:00,5193.15,-41.99,TRADE
NSW1,2021/04/11 12:30:00,5316.57,-29.49,TRADE
NSW1,2021/04/11 13:00:00,5209.56,-30.54,TRADE
NSW1,2021/04/11 13:30:00,5170.46,-29.60,TRADE
NSW1,2021/04/11 14:00:00,5252.31,-23.52,TRADE
NSW1,2021/04/11 14:30:00,5390.2,-15.81,TRADE
NSW1,2021/04/11 15:00:00,5613.59,9.07,TRADE
NSW1,2021/04/11 15:30:00,5889.73,-11.50,TRADE
NSW1,2021/04/11 16:00:00,6276.64,3.81,TRADE
NSW1,2021/04/11 16:30:00,6739.48,21.25,TRADE
NSW1,2021/04/11 17:00:00,7202.24,28.90,TRADE
NSW1,2021/04/11 17:30:00,7684.29,45.90,TRADE
NSW1,2021/04/11 18:00:00,8155.47,61.47,TRADE
NSW1,2021/04/11 18:30:00,8423.88,64.39,TRADE
NSW1,2021/04/11 19:00:00,8390.41,57.04,TRADE
NSW1,2021/04/11 19:30:00,8165.92,40.94,TRADE
NSW1,2021/04/11 20:00:00,7947.23,48.96,TRADE
NSW1,2021/04/11 20:30:00,7810.2,49.38,TRADE
NSW1,2021/04/11 21:00:00,7669.99,41.63,TRADE
NSW1,2021/04/11 21:30:00,7551.47,44.06,TRADE
NSW1,2021/04/11 22:00:00,7392.58,40.19,TRADE
NSW1,2021/04/11 22:30:00,7269.52,35.66,TRADE
NSW1,2021/04/11 23:00:00,7148.76,34.64,TRADE
NSW1,2021/04/11 23:30:00,6998.19,33.01,TRADE
NSW1,2021/04/12 00:00:00,6899,33.42,TRADE
NSW1,2021/04/12 00:30:00,6775.82,35.06,TRADE
NSW1,2021/04/12 01:00:00,6676.09,35.07,TRADE
NSW1,2021/04/12 01:30:00,6476.43,34.25,TRADE
NSW1,2021/04/12 02:00:00,6340.29,34.10,TRADE
NSW1,2021/04/12 02:30:00,6130.89,33.33,TRADE
NSW1,2021/04/12 03:00:00,5977.52,32.97,TRADE
NSW1,2021/04/12 03:30:00,5944.52,32.42,TRADE
NSW1,2021/04/12 04:00:00,5941.95,34.43,TRADE
NSW1,2021/04/12 04:30:00,5998.07,35.05,TRADE
NSW1,2021/04/12 05:00:00,6127.76,32.70,TRADE
NSW1,2021/04/12 05:30:00,6444.44,33.02,TRADE
NSW1,2021/04/12 06:00:00,6759.37,34.84,TRADE
NSW1,2021/04/12 06:30:00,7286.39,41.61,TRADE
NSW1,2021/04/12 07:00:00,7653.92,49.77,TRADE
NSW1,2021/04/12 07:30:00,7730.9,34.72,TRADE
NSW1,2021/04/12 08:00:00,7725.6,38.61,TRADE
NSW1,2021/04/12 08:30:00,7534.75,33.76,TRADE
NSW1,2021/04/12 09:00:00,7253.5,33.40,TRADE
NSW1,2021/04/12 09:30:00,6997.88,34.49,TRADE
NSW1,2021/04/12 10:00:00,6789.61,34.23,TRADE
NSW1,2021/04/12 10:30:00,6573.15,32.34,TRADE
NSW1,2021/04/12 11:00:00,6371.19,28.48,TRADE
NSW1,2021/04/12 11:30:00,6142.2,31.19,TRADE
NSW1,2021/04/12 12:00:00,6113.12,33.08,TRADE
NSW1,2021/04/12 12:30:00,6069.21,37.47,TRADE
NSW1,2021/04/12 13:00:00,6091.1,32.76,TRADE
NSW1,2021/04/12 13:30:00,6161.68,34.34,TRADE
NSW1,2021/04/12 14:00:00,6253.55,35.10,TRADE
NSW1,2021/04/12 14:30:00,6357.41,34.26,TRADE
NSW1,2021/04/12 15:00:00,6600.59,36.38,TRADE
NSW1,2021/04/12 15:30:00,6793.46,35.36,TRADE
NSW1,2021/04/12 16:00:00,7167.7,41.40,TRADE
NSW1,2021/04/12 16:30:00,7545.78,77.72,TRADE
NSW1,2021/04/12 17:00:00,8039.11,62.29,TRADE
NSW1,2021/04/12 17:30:00,8488.12,78.24,TRADE
NSW1,2021/04/12 18:00:00,8941.16,207.66,TRADE
NSW1,2021/04/12 18:30:00,9249.82,176.18,TRADE
NSW1,2021/04/12 19:00:00,9204.29,135.43,TRADE
NSW1,2021/04/12 19:30:00,8954.01,70.35,TRADE
NSW1,2021/04/12 20:00:00,8707.31,63.07,TRADE
NSW1,2021/04/12 20:30:00,8573.4,61.47,TRADE
NSW1,2021/04/12 21:00:00,8317.23,57.47,TRADE
NSW1,2021/04/12 21:30:00,8125.5,57.19,TRADE
NSW1,2021/04/12 22:00:00,7941.33,51.62,TRADE
NSW1,2021/04/12 22:30:00,7897.5,66.43,TRADE
NSW1,2021/04/12 23:00:00,7767.14,62.43,TRADE
NSW1,2021/04/12 23:30:00,7674.11,60.26,TRADE
NSW1,2021/04/13 00:00:00,7595.19,54.01,TRADE
NSW1,2021/04/13 00:30:00,7460.26,75.01,TRADE
NSW1,2021/04/13 01:00:00,7369.71,59.41,TRADE
NSW1,2021/04/13 01:30:00,7146.92,58.35,TRADE
NSW1,2021/04/13 02:00:00,6929.67,48.78,TRADE
NSW1,2021/04/13 02:30:00,6686.31,48.48,TRADE
NSW1,2021/04/13 03:00:00,6441.34,38.75,TRADE
NSW1,2021/04/13 03:30:00,6289.34,35.83,TRADE
NSW1,2021/04/13 04:00:00,6271.78,38.32,TRADE
NSW1,2021/04/13 04:30:00,6298.25,40.63,TRADE
NSW1,2021/04/13 05:00:00,6411.06,42.10,TRADE
NSW1,2021/04/13 05:30:00,6727.86,50.17,TRADE
NSW1,2021/04/13 06:00:00,6995.36,41.99,TRADE
NSW1,2021/04/13 06:30:00,7528.19,52.76,TRADE
NSW1,2021/04/13 07:00:00,7928.96,61.12,TRADE
NSW1,2021/04/13 07:30:00,7997.86,36.59,TRADE
NSW1,2021/04/13 08:00:00,7836.8,31.60,TRADE
NSW1,2021/04/13 08:30:00,7645.56,39.89,TRADE
NSW1,2021/04/13 09:00:00,7288.28,32.13,TRADE
NSW1,2021/04/13 09:30:00,7010.85,32.61,TRADE
NSW1,2021/04/13 10:00:00,6704.5,30.07,TRADE
NSW1,2021/04/13 10:30:00,6534.99,34.43,TRADE
NSW1,2021/04/13 11:00:00,6357.86,21.31,TRADE
NSW1,2021/04/13 11:30:00,6253.91,46.69,TRADE
NSW1,2021/04/13 12:00:00,6045.06,34.13,TRADE
NSW1,2021/04/13 12:30:00,6061.66,25.68,TRADE
NSW1,2021/04/13 13:00:00,6123.88,25.28,TRADE
NSW1,2021/04/13 13:30:00,6151.22,23.74,TRADE
NSW1,2021/04/13 14:00:00,6219.15,27.39,TRADE
NSW1,2021/04/13 14:30:00,6395.83,34.53,TRADE
NSW1,2021/04/13 15:00:00,6583.99,29.83,TRADE
NSW1,2021/04/13 15:30:00,6870.7,33.84,TRADE
NSW1,2021/04/13 16:00:00,7204.82,40.63,TRADE
NSW1,2021/04/13 16:30:00,7572.6,47.16,TRADE
NSW1,2021/04/13 17:00:00,7977.61,61.95,TRADE
NSW1,2021/04/13 17:30:00,8347.83,66.77,TRADE
NSW1,2021/04/13 18:00:00,8817.91,243.38,TRADE
NSW1,2021/04/13 18:30:00,9039.69,79.56,TRADE
NSW1,2021/04/13 19:00:00,8936.03,51.80,TRADE
NSW1,2021/04/13 19:30:00,8703.44,49.88,TRADE
NSW1,2021/04/13 20:00:00,8445.08,39.04,TRADE
NSW1,2021/04/13 20:30:00,8251.67,35.16,TRADE
NSW1,2021/04/13 21:00:00,8107.78,34.28,TRADE
NSW1,2021/04/13 21:30:00,7930.14,35.48,TRADE
NSW1,2021/04/13 22:00:00,7761.15,33.43,TRADE
NSW1,2021/04/13 22:30:00,7712.42,37.64,TRADE
NSW1,2021/04/13 23:00:00,7550.63,35.37,TRADE
NSW1,2021/04/13 23:30:00,7451.7,35.51,TRADE
NSW1,2021/04/14 00:00:00,7335.4,34.79,TRADE
NSW1,2021/04/14 00:30:00,7179.04,36.55,TRADE
NSW1,2021/04/14 01:00:00,7073.94,33.01,TRADE
NSW1,2021/04/14 01:30:00,6816.95,33.16,TRADE
NSW1,2021/04/14 02:00:00,6596.38,33.63,TRADE
NSW1,2021/04/14 02:30:00,6349.44,31.68,TRADE
NSW1,2021/04/14 03:00:00,6159.77,23.90,TRADE
NSW1,2021/04/14 03:30:00,6032.09,23.03,TRADE
NSW1,2021/04/14 04:00:00,5978.85,27.11,TRADE
NSW1,2021/04/14 04:30:00,5985.27,27.39,TRADE
NSW1,2021/04/14 05:00:00,6092.17,31.97,TRADE
NSW1,2021/04/14 05:30:00,6397.65,33.71,TRADE
NSW1,2021/04/14 06:00:00,6662.38,30.97,TRADE
NSW1,2021/04/14 06:30:00,7125.66,36.80,TRADE
NSW1,2021/04/14 07:00:00,7490.13,46.15,TRADE
NSW1,2021/04/14 07:30:00,7549.27,33.43,TRADE
NSW1,2021/04/14 08:00:00,7516.36,31.53,TRADE
NSW1,2021/04/14 08:30:00,7423.23,33.01,TRADE
NSW1,2021/04/14 09:00:00,7226.93,32.69,TRADE
NSW1,2021/04/14 09:30:00,6999.31,32.94,TRADE
NSW1,2021/04/14 10:00:00,6761.73,30.74,TRADE
NSW1,2021/04/14 10:30:00,6670.41,28.69,TRADE
NSW1,2021/04/14 11:00:00,6662.74,29.85,TRADE
NSW1,2021/04/14 11:30:00,6508.04,31.48,TRADE
NSW1,2021/04/14 12:00:00,6514.06,4.49,TRADE
NSW1,2021/04/14 12:30:00,6535.34,29.78,TRADE
NSW1,2021/04/14 13:00:00,6647.78,36.63,TRADE
NSW1,2021/04/14 13:30:00,6611.07,16.26,TRADE
NSW1,2021/04/14 14:00:00,6624.34,32.47,TRADE
NSW1,2021/04/14 14:30:00,6794.21,31.72,TRADE
NSW1,2021/04/14 15:00:00,7043.84,41.66,TRADE
NSW1,2021/04/14 15:30:00,7159.51,25.42,TRADE
NSW1,2021/04/14 16:00:00,7425.28,38.20,TRADE
NSW1,2021/04/14 16:30:00,7747.51,39.62,TRADE
NSW1,2021/04/14 17:00:00,8042.44,42.77,TRADE
NSW1,2021/04/14 17:30:00,8395.57,58.08,TRADE
NSW1,2021/04/14 18:00:00,8748.07,79.15,TRADE
NSW1,2021/04/14 18:30:00,8906.39,147.58,TRADE
NSW1,2021/04/14 19:00:00,8784.27,75.05,TRADE
NSW1,2021/04/14 19:30:00,8502.65,52.57,TRADE
NSW1,2021/04/14 20:00:00,8264.21,57.95,TRADE
NSW1,2021/04/14 20:30:00,8046.93,58.98,TRADE
NSW1,2021/04/14 21:00:00,7891.8,59.20,TRADE
NSW1,2021/04/14 21:30:00,7732.78,47.90,TRADE
NSW1,2021/04/14 22:00:00,7567.3,42.80,TRADE
NSW1,2021/04/14 22:30:00,7577.44,49.41,TRADE
NSW1,2021/04/14 23:00:00,7380.63,38.92,TRADE
NSW1,2021/04/14 23:30:00,7325.31,44.49,TRADE
NSW1,2021/04/15 00:00:00,7269,38.39,TRADE
NSW1,2021/04/15 00:30:00,7160.45,36.14,TRADE
NSW1,2021/04/15 01:00:00,7060.92,40.33,TRADE
NSW1,2021/04/15 01:30:00,6866,37.22,TRADE
NSW1,2021/04/15 02:00:00,6684.9,42.26,TRADE
NSW1,2021/04/15 02:30:00,6371.28,38.01,TRADE
NSW1,2021/04/15 03:00:00,6208.8,37.66,TRADE
NSW1,2021/04/15 03:30:00,6131.16,38.02,TRADE
NSW1,2021/04/15 04:00:00,6052.19,38,TRADE
NSW1,2021/04/15 04:30:00,6106.16,35.56,TRADE
NSW1,2021/04/15 05:00:00,6208.15,35.15,TRADE
NSW1,2021/04/15 05:30:00,6443.44,34.39,TRADE
NSW1,2021/04/15 06:00:00,6724.31,35.34,TRADE
NSW1,2021/04/15 06:30:00,7181.4,46.05,TRADE
NSW1,2021/04/15 07:00:00,7402.57,55.26,TRADE
NSW1,2021/04/15 07:30:00,7408.2,41.38,TRADE
NSW1,2021/04/15 08:00:00,7392.73,36.36,TRADE
NSW1,2021/04/15 08:30:00,7253.73,33.02,TRADE
NSW1,2021/04/15 09:00:00,7084.65,33.02,TRADE
NSW1,2021/04/15 09:30:00,6893.16,32.30,TRADE
NSW1,2021/04/15 10:00:00,6762.02,31.44,TRADE
NSW1,2021/04/15 10:30:00,6575.5,18.03,TRADE
NSW1,2021/04/15 11:00:00,6455.07,31.29,TRADE
NSW1,2021/04/15 11:30:00,6293.6,27.48,TRADE
NSW1,2021/04/15 12:00:00,6224.76,31.83,TRADE
NSW1,2021/04/15 12:30:00,6251.46,25.49,TRADE
NSW1,2021/04/15 13:00:00,6295.26,30.59,TRADE
NSW1,2021/04/15 13:30:00,6409.3,34.88,TRADE
NSW1,2021/04/15 14:00:00,6522.48,34.74,TRADE
NSW1,2021/04/15 14:30:00,6716.33,38.10,TRADE
NSW1,2021/04/15 15:00:00,6991.27,38.29,TRADE
NSW1,2021/04/15 15:30:00,7254.36,33.25,TRADE
NSW1,2021/04/15 16:00:00,7547.76,34.13,TRADE
NSW1,2021/04/15 16:30:00,7841.49,36.66,TRADE
NSW1,2021/04/15 17:00:00,8160.87,44.30,TRADE
NSW1,2021/04/15 17:30:00,8449.52,66.75,TRADE
NSW1,2021/04/15 18:00:00,8773.77,108.03,TRADE
NSW1,2021/04/15 18:30:00,8926.08,129.56,TRADE
NSW1,2021/04/15 19:00:00,8833.81,65.12,TRADE
NSW1,2021/04/15 19:30:00,8526.45,51.20,TRADE
NSW1,2021/04/15 20:00:00,8318.51,50.91,TRADE
NSW1,2021/04/15 20:30:00,8117.22,61.15,TRADE
NSW1,2021/04/15 21:00:00,8003.31,59.68,TRADE
NSW1,2021/04/15 21:30:00,7824.02,51.86,TRADE
NSW1,2021/04/15 22:00:00,7621.36,45.19,TRADE
NSW1,2021/04/15 22:30:00,7640.04,53.07,TRADE
NSW1,2021/04/15 23:00:00,7487.34,46.49,TRADE
NSW1,2021/04/15 23:30:00,7431.2,48.58,TRADE
NSW1,2021/04/16 00:00:00,7350.94,37.24,TRADE
NSW1,2021/04/16 00:30:00,7261.43,37.17,TRADE
NSW1,2021/04/16 01:00:00,7150.64,39.19,TRADE
NSW1,2021/04/16 01:30:00,6908.19,36.01,TRADE
NSW1,2021/04/16 02:00:00,6747.97,36.01,TRADE
NSW1,2021/04/16 02:30:00,6513.95,37.21,TRADE
NSW1,2021/04/16 03:00:00,6325.15,35.90,TRADE
NSW1,2021/04/16 03:30:00,6250.62,35.27,TRADE
NSW1,2021/04/16 04:00:00,6190.46,36.02,TRADE
NSW1,2021/04/16 04:30:00,6233.15,35.50,TRADE
NSW1,2021/04/16 05:00:00,6307.19,38.92,TRADE
NSW1,2021/04/16 05:30:00,6542.11,40.88,TRADE
NSW1,2021/04/16 06:00:00,6785.97,44.46,TRADE
NSW1,2021/04/16 06:30:00,7201.13,50.50,TRADE
NSW1,2021/04/16 07:00:00,7506.37,61.06,TRADE
NSW1,2021/04/16 07:30:00,7593.86,55.02,TRADE
NSW1,2021/04/16 08:00:00,7570.06,47.44,TRADE
NSW1,2021/04/16 08:30:00,7535.61,48.49,TRADE
NSW1,2021/04/16 09:00:00,7379.99,41.06,TRADE
NSW1,2021/04/16 09:30:00,7140.58,37.73,TRADE
NSW1,2021/04/16 10:00:00,6947.54,36.55,TRADE
NSW1,2021/04/16 10:30:00,6884.48,37.64,TRADE
NSW1,2021/04/16 11:00:00,6750.91,36.37,TRADE
NSW1,2021/04/16 11:30:00,6742.03,35.12,TRADE
NSW1,2021/04/16 12:00:00,6746.57,36.59,TRADE
NSW1,2021/04/16 12:30:00,6793.55,35.56,TRADE
NSW1,2021/04/16 13:00:00,6905.61,34.14,TRADE
NSW1,2021/04/16 13:30:00,6914.53,36.78,TRADE
NSW1,2021/04/16 14:00:00,7030.49,35.17,TRADE
NSW1,2021/04/16 14:30:00,7173.54,36.32,TRADE
NSW1,2021/04/16 15:00:00,7301.41,35.89,TRADE
NSW1,2021/04/16 15:30:00,7531.88,36.56,TRADE
NSW1,2021/04/16 16:00:00,7713.14,41.20,TRADE
NSW1,2021/04/16 16:30:00,7902.15,44.58,TRADE
NSW1,2021/04/16 17:00:00,8232.01,65.77,TRADE
NSW1,2021/04/16 17:30:00,8390.59,82.14,TRADE
NSW1,2021/04/16 18:00:00,8672.61,114.44,TRADE
NSW1,2021/04/16 18:30:00,8644.84,104.17,TRADE
NSW1,2021/04/16 19:00:00,8512.07,67.85,TRADE
NSW1,2021/04/16 19:30:00,8307.62,54.20,TRADE
NSW1,2021/04/16 20:00:00,8104.82,64.17,TRADE
NSW1,2021/04/16 20:30:00,7949.85,60.77,TRADE
NSW1,2021/04/16 21:00:00,7812.91,51.07,TRADE
NSW1,2021/04/16 21:30:00,7694.23,43.92,TRADE
NSW1,2021/04/16 22:00:00,7556.39,43.37,TRADE
NSW1,2021/04/16 22:30:00,7647.29,51.47,TRADE
NSW1,2021/04/16 23:00:00,7568.74,49.12,TRADE
NSW1,2021/04/16 23:30:00,7523.96,46.92,TRADE
NSW1,2021/04/17 00:00:00,7480.71,41.51,TRADE
NSW1,2021/04/17 00:30:00,7362.5,48.59,TRADE
NSW1,2021/04/17 01:00:00,7196.81,49.13,TRADE
NSW1,2021/04/17 01:30:00,6979.33,46.95,TRADE
NSW1,2021/04/17 02:00:00,6830.31,39.58,TRADE
NSW1,2021/04/17 02:30:00,6548.36,39.97,TRADE
NSW1,2021/04/17 03:00:00,6315.49,38.40,TRADE
NSW1,2021/04/17 03:30:00,6146.72,36.94,TRADE
NSW1,2021/04/17 04:00:00,6095.97,38.75,TRADE
NSW1,2021/04/17 04:30:00,6062.33,40.51,TRADE
NSW1,2021/04/17 05:00:00,6136.21,43.19,TRADE
NSW1,2021/04/17 05:30:00,6194.81,42.84,TRADE
NSW1,2021/04/17 06:00:00,6347.38,42.87,TRADE
NSW1,2021/04/17 06:30:00,6572.07,50.24,TRADE
NSW1,2021/04/17 07:00:00,6786.73,127.96,TRADE
NSW1,2021/04/17 07:30:00,7021.1,185.14,TRADE
NSW1,2021/04/17 08:00:00,7255.01,60.09,TRADE
NSW1,2021/04/17 08:30:00,7484.67,49.30,TRADE
NSW1,2021/04/17 09:00:00,7497.71,41.85,TRADE
NSW1,2021/04/17 09:30:00,7464.22,40.36,TRADE
NSW1,2021/04/17 10:00:00,7424.42,34.82,TRADE
NSW1,2021/04/17 10:30:00,7403.18,37.01,TRADE
NSW1,2021/04/17 11:00:00,7261.16,36.93,TRADE
NSW1,2021/04/17 11:30:00,7169.01,38.13,TRADE
NSW1,2021/04/17 12:00:00,7249.12,38.54,TRADE
NSW1,2021/04/17 12:30:00,7299.15,37.02,TRADE
NSW1,2021/04/17 13:00:00,7327.15,36.33,TRADE
NSW1,2021/04/17 13:30:00,7262.33,35.13,TRADE
NSW1,2021/04/17 14:00:00,7248.47,35.29,TRADE
NSW1,2021/04/17 14:30:00,7218.19,35.42,TRADE
NSW1,2021/04/17 15:00:00,7225.36,34.01,TRADE
NSW1,2021/04/17 15:30:00,7264.91,36.04,TRADE
NSW1,2021/04/17 16:00:00,7360.25,37.15,TRADE
NSW1,2021/04/17 16:30:00,7485.59,39.61,TRADE
NSW1,2021/04/17 17:00:00,7720.44,61.49,TRADE
NSW1,2021/04/17 17:30:00,7925.03,134.01,TRADE
NSW1,2021/04/17 18:00:00,8299.06,78.58,TRADE
NSW1,2021/04/17 18:30:00,8502.58,240.37,TRADE
NSW1,2021/04/17 19:00:00,8373.97,180.95,TRADE
NSW1,2021/04/17 19:30:00,8098.31,67.75,TRADE
NSW1,2021/04/17 20:00:00,7930.17,79.04,TRADE
NSW1,2021/04/17 20:30:00,7813.19,81.38,TRADE
NSW1,2021/04/17 21:00:00,7689.5,72.06,TRADE
NSW1,2021/04/17 21:30:00,7568.34,58.50,TRADE
NSW1,2021/04/17 22:00:00,7467.54,58.50,TRADE
NSW1,2021/04/17 22:30:00,7491.64,86.19,TRADE
NSW1,2021/04/17 23:00:00,7421.02,64.56,TRADE
NSW1,2021/04/17 23:30:00,7338.72,84.36,TRADE
NSW1,2021/04/18 00:00:00,7213.87,66,TRADE
NSW1,2021/04/18 00:30:00,7085.8,106.93,TRADE
NSW1,2021/04/18 01:00:00,6938.27,73.10,TRADE
NSW1,2021/04/18 01:30:00,6740.87,52.30,TRADE
NSW1,2021/04/18 02:00:00,6569.09,63.20,TRADE
NSW1,2021/04/18 02:30:00,6340.96,53.65,TRADE
NSW1,2021/04/18 03:00:00,6153.18,48.95,TRADE
NSW1,2021/04/18 03:30:00,6051.55,49.68,TRADE
NSW1,2021/04/18 04:00:00,5999.2,48.64,TRADE
NSW1,2021/04/18 04:30:00,5984.18,47.37,TRADE
NSW1,2021/04/18 05:00:00,6002.86,43.16,TRADE
NSW1,2021/04/18 05:30:00,6054.55,46.35,TRADE
NSW1,2021/04/18 06:00:00,6112.36,47.88,TRADE
NSW1,2021/04/18 06:30:00,6356.42,46.77,TRADE
NSW1,2021/04/18 07:00:00,6464.76,52.14,TRADE
NSW1,2021/04/18 07:30:00,6534.52,41,TRADE
NSW1,2021/04/18 08:00:00,6577.19,34.56,TRADE
NSW1,2021/04/18 08:30:00,6555.88,34.24,TRADE
NSW1,2021/04/18 09:00:00,6491.07,32.90,TRADE
NSW1,2021/04/18 09:30:00,6417.74,34.32,TRADE
NSW1,2021/04/18 10:00:00,6263.06,25.61,TRADE
NSW1,2021/04/18 10:30:00,6070.44,17.93,TRADE
NSW1,2021/04/18 11:00:00,5847.98,10.93,TRADE
NSW1,2021/04/18 11:30:00,5613.13,20.11,TRADE
NSW1,2021/04/18 12:00:00,5584.97,24.85,TRADE
NSW1,2021/04/18 12:30:00,5573.09,20.86,TRADE
NSW1,2021/04/18 13:00:00,5526.33,24.27,TRADE
NSW1,2021/04/18 13:30:00,5593.15,22.15,TRADE
NSW1,2021/04/18 14:00:00,5688.3,32.44,TRADE
NSW1,2021/04/18 14:30:00,5808.67,28.39,TRADE
NSW1,2021/04/18 15:00:00,5977.38,26.58,TRADE
NSW1,2021/04/18 15:30:00,6232.31,31.23,TRADE
NSW1,2021/04/18 16:00:00,6588.85,33.71,TRADE
NSW1,2021/04/18 16:30:00,7017.72,45.71,TRADE
NSW1,2021/04/18 17:00:00,7437.36,173.87,TRADE
NSW1,2021/04/18 17:30:00,7877.48,176.33,TRADE
NSW1,2021/04/18 18:00:00,8334.99,59.39,TRADE
NSW1,2021/04/18 18:30:00,8607.22,112.55,TRADE
NSW1,2021/04/18 19:00:00,8465.8,93.16,TRADE
NSW1,2021/04/18 19:30:00,8227.04,275.91,TRADE
NSW1,2021/04/18 20:00:00,8017.58,229.01,TRADE
NSW1,2021/04/18 20:30:00,7894.54,250.70,TRADE
NSW1,2021/04/18 21:00:00,7732.95,94.10,TRADE
NSW1,2021/04/18 21:30:00,7587.32,118.18,TRADE
NSW1,2021/04/18 22:00:00,7447.61,80.19,TRADE
NSW1,2021/04/18 22:30:00,7397.74,77.93,TRADE
NSW1,2021/04/18 23:00:00,7274.38,55.65,TRADE
NSW1,2021/04/18 23:30:00,7156.16,68.78,TRADE
NSW1,2021/04/19 00:00:00,7059.34,53.66,TRADE
NSW1,2021/04/19 00:30:00,6902.09,49.97,TRADE
NSW1,2021/04/19 01:00:00,6789.66,48.66,TRADE
NSW1,2021/04/19 01:30:00,6633.9,41.29,TRADE
NSW1,2021/04/19 02:00:00,6477.48,40.61,TRADE
NSW1,2021/04/19 02:30:00,6333.6,41.74,TRADE
NSW1,2021/04/19 03:00:00,6180.52,41.15,TRADE
NSW1,2021/04/19 03:30:00,6067.11,42.83,TRADE
NSW1,2021/04/19 04:00:00,6074.57,42.90,TRADE
NSW1,2021/04/19 04:30:00,6130.57,39.12,TRADE
NSW1,2021/04/19 05:00:00,6297.71,47.49,TRADE
NSW1,2021/04/19 05:30:00,6594.15,59.01,TRADE
NSW1,2021/04/19 06:00:00,6848.96,103.15,TRADE
NSW1,2021/04/19 06:30:00,7408.14,264,TRADE
NSW1,2021/04/19 07:00:00,7746.77,173.11,TRADE
NSW1,2021/04/19 07:30:00,7910.07,60.96,TRADE
NSW1,2021/04/19 08:00:00,7855.12,46.33,TRADE
NSW1,2021/04/19 08:30:00,7702.53,44.09,TRADE
NSW1,2021/04/19 09:00:00,7466.53,67.70,TRADE
NSW1,2021/04/19 09:30:00,7140.25,46.57,TRADE
NSW1,2021/04/19 10:00:00,6911.47,41.05,TRADE
NSW1,2021/04/19 10:30:00,6644.38,34.75,TRADE
NSW1,2021/04/19 11:00:00,6504.63,32.18,TRADE
NSW1,2021/04/19 11:30:00,6341.67,37.10,TRADE
NSW1,2021/04/19 12:00:00,6317.53,19.82,TRADE
NSW1,2021/04/19 12:30:00,6311.81,32.40,TRADE
NSW1,2021/04/19 13:00:00,6324.82,38.74,TRADE
NSW1,2021/04/19 13:30:00,6419.43,33.44,TRADE
NSW1,2021/04/19 14:00:00,6489.83,34.31,TRADE
NSW1,2021/04/19 14:30:00,6665.25,33.84,TRADE
NSW1,2021/04/19 15:00:00,6891.98,40.29,TRADE
NSW1,2021/04/19 15:30:00,7160.33,34.98,TRADE
NSW1,2021/04/19 16:00:00,7547.59,56.50,TRADE
NSW1,2021/04/19 16:30:00,7814.63,65.41,TRADE
NSW1,2021/04/19 17:00:00,8239.14,217.48,TRADE
NSW1,2021/04/19 17:30:00,8624.43,176.25,TRADE
NSW1,2021/04/19 18:00:00,9074.61,184.04,TRADE
NSW1,2021/04/19 18:30:00,9190.3,2673.52,TRADE
NSW1,2021/04/19 19:00:00,9098.72,63.51,TRADE
NSW1,2021/04/19 19:30:00,8788.86,190.59,TRADE
NSW1,2021/04/19 20:00:00,8511.72,115.03,TRADE
NSW1,2021/04/19 20:30:00,8333.07,93.27,TRADE
NSW1,2021/04/19 21:00:00,8143.57,63.04,TRADE
NSW1,2021/04/19 21:30:00,7971.38,108.54,TRADE
NSW1,2021/04/19 22:00:00,7786.13,57.61,TRADE
NSW1,2021/04/19 22:30:00,7706.54,81.99,TRADE
NSW1,2021/04/19 23:00:00,7596.03,73.54,TRADE
NSW1,2021/04/19 23:30:00,7513.2,58.51,TRADE
NSW1,2021/04/20 00:00:00,7451.48,57.85,TRADE
NSW1,2021/04/20 00:30:00,7345.24,57.92,TRADE
NSW1,2021/04/20 01:00:00,7212.75,40.66,TRADE
NSW1,2021/04/20 01:30:00,6980.27,36.86,TRADE
NSW1,2021/04/20 02:00:00,6798.25,36.10,TRADE
NSW1,2021/04/20 02:30:00,6530.58,36.12,TRADE
NSW1,2021/04/20 03:00:00,6307.17,35.66,TRADE
NSW1,2021/04/20 03:30:00,6193.32,35.08,TRADE
NSW1,2021/04/20 04:00:00,6138.54,35.49,TRADE
NSW1,2021/04/20 04:30:00,6201.46,35.47,TRADE
NSW1,2021/04/20 05:00:00,6298.54,35.47,TRADE
NSW1,2021/04/20 05:30:00,6570.79,35.31,TRADE
NSW1,2021/04/20 06:00:00,6871.02,34.34,TRADE
NSW1,2021/04/20 06:30:00,7487.3,49.07,TRADE
NSW1,2021/04/20 07:00:00,8000.23,53.65,TRADE
NSW1,2021/04/20 07:30:00,8083.61,44.45,TRADE
NSW1,2021/04/20 08:00:00,8016.59,40.03,TRADE
NSW1,2021/04/20 08:30:00,7732.56,33.36,TRADE
NSW1,2021/04/20 09:00:00,7305.48,36.31,TRADE
NSW1,2021/04/20 09:30:00,7043.65,33.20,TRADE
NSW1,2021/04/20 10:00:00,6740.84,30.79,TRADE
NSW1,2021/04/20 10:30:00,6628.88,34.90,TRADE
NSW1,2021/04/20 11:00:00,6481.43,32.74,TRADE
NSW1,2021/04/20 11:30:00,6494.32,35.59,TRADE
NSW1,2021/04/20 12:00:00,6556.3,37.73,TRADE
NSW1,2021/04/20 12:30:00,6612.05,36.60,TRADE
NSW1,2021/04/20 13:00:00,6688.71,33.77,TRADE
NSW1,2021/04/20 13:30:00,6758.05,33.91,TRADE
NSW1,2021/04/20 14:00:00,6819.52,33.53,TRADE
NSW1,2021/04/20 14:30:00,6946.57,34.51,TRADE
NSW1,2021/04/20 15:00:00,6914.52,18.66,TRADE
NSW1,2021/04/20 15:30:00,7236.17,38.18,TRADE
NSW1,2021/04/20 16:00:00,7660.66,37.64,TRADE
NSW1,2021/04/20 16:30:00,7937.62,36.93,TRADE
NSW1,2021/04/20 17:00:00,8242.44,47.90,TRADE
NSW1,2021/04/20 17:30:00,8608.4,73.29,TRADE
NSW1,2021/04/20 18:00:00,8963.76,189.99,TRADE
NSW1,2021/04/20 18:30:00,9121.82,202.64,TRADE
NSW1,2021/04/20 19:00:00,8971.9,142.83,TRADE
NSW1,2021/04/20 19:30:00,8787.69,63.80,TRADE
NSW1,2021/04/20 20:00:00,8496.29,62.30,TRADE
NSW1,2021/04/20 20:30:00,8340.06,62.85,TRADE
NSW1,2021/04/20 21:00:00,8122.84,59.18,TRADE
NSW1,2021/04/20 21:30:00,8003.57,47.37,TRADE
NSW1,2021/04/20 22:00:00,7890.89,45.04,TRADE
NSW1,2021/04/20 22:30:00,7855.23,114.71,TRADE
NSW1,2021/04/20 23:00:00,7648.06,44.85,TRADE
NSW1,2021/04/20 23:30:00,7458.99,37.67,TRADE
NSW1,2021/04/21 00:00:00,7395.96,40.15,TRADE
NSW1,2021/04/21 00:30:00,7327.98,57.74,TRADE
NSW1,2021/04/21 01:00:00,7173.69,39.25,TRADE
NSW1,2021/04/21 01:30:00,6996.3,37.88,TRADE
NSW1,2021/04/21 02:00:00,6777.66,36.49,TRADE
NSW1,2021/04/21 02:30:00,6465.34,35.50,TRADE
NSW1,2021/04/21 03:00:00,6259.69,35.47,TRADE
NSW1,2021/04/21 03:30:00,6153.84,35.47,TRADE
NSW1,2021/04/21 04:00:00,6140.92,35.49,TRADE
NSW1,2021/04/21 04:30:00,6158.31,35.10,TRADE
NSW1,2021/04/21 05:00:00,6311.75,34.76,TRADE
NSW1,2021/04/21 05:30:00,6580.3,34.40,TRADE
NSW1,2021/04/21 06:00:00,6834.22,31.71,TRADE
NSW1,2021/04/21 06:30:00,7420.49,62.43,TRADE
NSW1,2021/04/21 07:00:00,7976.87,179.47,TRADE
NSW1,2021/04/21 07:30:00,8127.06,213.78,TRADE
NSW1,2021/04/21 08:00:00,8074.48,149.44,TRADE
NSW1,2021/04/21 08:30:00,7759.3,42.35,TRADE
NSW1,2021/04/21 09:00:00,7370.74,35.08,TRADE
NSW1,2021/04/21 09:30:00,7126.14,36.04,TRADE
NSW1,2021/04/21 10:00:00,6886.06,36.18,TRADE
NSW1,2021/04/21 10:30:00,6690.53,35.51,TRADE
NSW1,2021/04/21 11:00:00,6496.05,35.06,TRADE
NSW1,2021/04/21 11:30:00,6395.58,37.35,TRADE
NSW1,2021/04/21 12:00:00,6371.88,40.52,TRADE
NSW1,2021/04/21 12:30:00,6359.45,40.02,TRADE
NSW1,2021/04/21 13:00:00,6329.51,38.25,TRADE
NSW1,2021/04/21 13:30:00,6397.1,38.14,TRADE
NSW1,2021/04/21 14:00:00,6525.78,40.22,TRADE
NSW1,2021/04/21 14:30:00,6627.05,40.42,TRADE
NSW1,2021/04/21 15:00:00,6852.01,40.45,TRADE
NSW1,2021/04/21 15:30:00,7091.63,40.14,TRADE
NSW1,2021/04/21 16:00:00,7501.85,67.32,TRADE
NSW1,2021/04/21 16:30:00,7872.74,83.30,TRADE
NSW1,2021/04/21 17:00:00,8269.6,171.24,TRADE
NSW1,2021/04/21 17:30:00,8694.52,201.86,TRADE
NSW1,2021/04/21 18:00:00,9174.71,299.99,TRADE
NSW1,2021/04/21 18:30:00,9353.74,299.99,TRADE
NSW1,2021/04/21 19:00:00,9293.99,299.99,TRADE
NSW1,2021/04/21 19:30:00,9078.1,196.35,TRADE
NSW1,2021/04/21 20:00:00,8915.28,220.98,TRADE
NSW1,2021/04/21 20:30:00,8693.88,105.10,TRADE
NSW1,2021/04/21 21:00:00,8532.79,139.70,TRADE
NSW1,2021/04/21 21:30:00,8352.74,87.47,TRADE
NSW1,2021/04/21 22:00:00,8131.54,65.91,TRADE
NSW1,2021/04/21 22:30:00,8111.19,69.04,TRADE
NSW1,2021/04/21 23:00:00,7877.77,55.02,TRADE
NSW1,2021/04/21 23:30:00,7799.93,58.94,TRADE
NSW1,2021/04/22 00:00:00,7700.31,56.21,TRADE
NSW1,2021/04/22 00:30:00,7600.97,51.66,TRADE
NSW1,2021/04/22 01:00:00,7414.96,46.67,TRADE
NSW1,2021/04/22 01:30:00,7252.71,44.36,TRADE
NSW1,2021/04/22 02:00:00,7008.67,38.71,TRADE
NSW1,2021/04/22 02:30:00,6677.33,36.13,TRADE
NSW1,2021/04/22 03:00:00,6474.33,34.09,TRADE
NSW1,2021/04/22 03:30:00,6380.84,35.21,TRADE
NSW1,2021/04/22 04:00:00,6335.23,36.50,TRADE
NSW1,2021/04/22 04:30:00,6398,35.95,TRADE
NSW1,2021/04/22 05:00:00,6510.57,36.09,TRADE
NSW1,2021/04/22 05:30:00,6773.34,33.19,TRADE
NSW1,2021/04/22 06:00:00,7195.97,55.35,TRADE
NSW1,2021/04/22 06:30:00,7727.93,75.42,TRADE
NSW1,2021/04/22 07:00:00,8253.56,152.44,TRADE
NSW1,2021/04/22 07:30:00,8398.44,115.08,TRADE
NSW1,2021/04/22 08:00:00,8417.56,106.65,TRADE
NSW1,2021/04/22 08:30:00,8128.51,92.88,TRADE
NSW1,2021/04/22 09:00:00,7642.61,43.30,TRADE
NSW1,2021/04/22 09:30:00,7340.09,29.53,TRADE
NSW1,2021/04/22 10:00:00,6975.98,32.03,TRADE
NSW1,2021/04/22 10:30:00,6810.87,31.53,TRADE
NSW1,2021/04/22 11:00:00,6668.83,33.73,TRADE
NSW1,2021/04/22 11:30:00,6535.62,46.05,TRADE
NSW1,2021/04/22 12:00:00,6436.65,36.53,TRADE
NSW1,2021/04/22 12:30:00,6389.49,35.52,TRADE
NSW1,2021/04/22 13:00:00,6427.06,35.64,TRADE
NSW1,2021/04/22 13:30:00,6578.31,53.76,TRADE
NSW1,2021/04/22 14:00:00,6580.78,39.05,TRADE
NSW1,2021/04/22 14:30:00,6703.11,30.97,TRADE
NSW1,2021/04/22 15:00:00,6900.11,35.53,TRADE
NSW1,2021/04/22 15:30:00,7118.72,35.48,TRADE
NSW1,2021/04/22 16:00:00,7428.93,39.28,TRADE
NSW1,2021/04/22 16:30:00,7869.74,44.61,TRADE
NSW1,2021/04/22 17:00:00,8363.96,55.43,TRADE
NSW1,2021/04/22 17:30:00,8862.01,73.74,TRADE
NSW1,2021/04/22 18:00:00,9394.03,66.76,TRADE
NSW1,2021/04/22 18:30:00,9605.85,163.97,TRADE
NSW1,2021/04/22 19:00:00,9539.68,193.09,TRADE
NSW1,2021/04/22 19:30:00,9362.78,76.70,TRADE
NSW1,2021/04/22 20:00:00,9189.22,74.19,TRADE
NSW1,2021/04/22 20:30:00,9002.16,91.95,TRADE
NSW1,2021/04/22 21:00:00,8843.95,63.80,TRADE
NSW1,2021/04/22 21:30:00,8566.19,65.35,TRADE
NSW1,2021/04/22 22:00:00,8336.17,63.03,TRADE
NSW1,2021/04/22 22:30:00,8297.19,67.94,TRADE
NSW1,2021/04/22 23:00:00,8031.58,60.15,TRADE
NSW1,2021/04/22 23:30:00,7972.76,52.64,TRADE
NSW1,2021/04/23 00:00:00,7863.1,43.68,TRADE
NSW1,2021/04/23 00:30:00,7732.75,46.90,TRADE
NSW1,2021/04/23 01:00:00,7541.6,37.99,TRADE
NSW1,2021/04/23 01:30:00,7363.06,39.33,TRADE
NSW1,2021/04/23 02:00:00,7142.39,38.18,TRADE
NSW1,2021/04/23 02:30:00,6887.31,36.39,TRADE
NSW1,2021/04/23 03:00:00,6666.5,35.94,TRADE
NSW1,2021/04/23 03:30:00,6537.61,34.62,TRADE
NSW1,2021/04/23 04:00:00,6474.24,35.34,TRADE
NSW1,2021/04/23 04:30:00,6510.4,35.70,TRADE
NSW1,2021/04/23 05:00:00,6649.14,35.79,TRADE
NSW1,2021/04/23 05:30:00,6949.19,39.16,TRADE
NSW1,2021/04/23 06:00:00,7248.17,40.71,TRADE
NSW1,2021/04/23 06:30:00,7866.04,69.18,TRADE
NSW1,2021/04/23 07:00:00,8409.9,270.02,TRADE
NSW1,2021/04/23 07:30:00,8680.79,299.99,TRADE
NSW1,2021/04/23 08:00:00,8613.91,296.27,TRADE
NSW1,2021/04/23 08:30:00,8349.44,113.88,TRADE
NSW1,2021/04/23 09:00:00,7899.88,71.32,TRADE
NSW1,2021/04/23 09:30:00,7571.95,49.81,TRADE
NSW1,2021/04/23 10:00:00,7189.11,34.56,TRADE
NSW1,2021/04/23 10:30:00,6889,35.48,TRADE
NSW1,2021/04/23 11:00:00,6679.95,33.11,TRADE
NSW1,2021/04/23 11:30:00,6462.43,30.10,TRADE
NSW1,2021/04/23 12:00:00,6395.96,37.51,TRADE
NSW1,2021/04/23 12:30:00,6291.82,33.31,TRADE
NSW1,2021/04/23 13:00:00,6340.05,35.61,TRADE
NSW1,2021/04/23 13:30:00,6326.63,34.87,TRADE
NSW1,2021/04/23 14:00:00,6392.67,35.79,TRADE
NSW1,2021/04/23 14:30:00,6521.58,36.50,TRADE
NSW1,2021/04/23 15:00:00,6700.21,47.70,TRADE
NSW1,2021/04/23 15:30:00,6963.34,38.54,TRADE
NSW1,2021/04/23 16:00:00,7316.79,44.91,TRADE
NSW1,2021/04/23 16:30:00,7729.46,90.07,TRADE
NSW1,2021/04/23 17:00:00,8143.25,203.93,TRADE
NSW1,2021/04/23 17:30:00,8573.56,227.04,TRADE
NSW1,2021/04/23 18:00:00,9009.16,272.96,TRADE
NSW1,2021/04/23 18:30:00,9117.49,212.09,TRADE
NSW1,2021/04/23 19:00:00,9012.95,248.38,TRADE
NSW1,2021/04/23 19:30:00,8805.97,188.52,TRADE
NSW1,2021/04/23 20:00:00,8684.73,195.37,TRADE
NSW1,2021/04/23 20:30:00,8552.43,140.48,TRADE
NSW1,2021/04/23 21:00:00,8376.52,90.91,TRADE
NSW1,2021/04/23 21:30:00,8306.49,124.66,TRADE
NSW1,2021/04/23 22:00:00,8109.7,86.81,TRADE
NSW1,2021/04/23 22:30:00,8119.88,104.58,TRADE
NSW1,2021/04/23 23:00:00,7965.26,105.88,TRADE
NSW1,2021/04/23 23:30:00,7898.43,79.04,TRADE
NSW1,2021/04/24 00:00:00,7850.43,86.04,TRADE
NSW1,2021/04/24 00:30:00,7734.45,70.31,TRADE
NSW1,2021/04/24 01:00:00,7574.36,62.25,TRADE
NSW1,2021/04/24 01:30:00,7365.46,52.25,TRADE
NSW1,2021/04/24 02:00:00,7137.42,47.96,TRADE
NSW1,2021/04/24 02:30:00,6883.1,42.96,TRADE
NSW1,2021/04/24 03:00:00,6660.85,39.55,TRADE
NSW1,2021/04/24 03:30:00,6533.56,39.23,TRADE
NSW1,2021/04/24 04:00:00,6452.73,38.72,TRADE
NSW1,2021/04/24 04:30:00,6457.56,38.67,TRADE
NSW1,2021/04/24 05:00:00,6543.67,38.10,TRADE
NSW1,2021/04/24 05:30:00,6638.7,40.45,TRADE
NSW1,2021/04/24 06:00:00,6786.41,45.86,TRADE
NSW1,2021/04/24 06:30:00,7059.52,54.13,TRADE
NSW1,2021/04/24 07:00:00,7281.78,60.80,TRADE
NSW1,2021/04/24 07:30:00,7456.13,52.39,TRADE
NSW1,2021/04/24 08:00:00,7557.1,47.36,TRADE
NSW1,2021/04/24 08:30:00,7491.65,39.46,TRADE
NSW1,2021/04/24 09:00:00,7164.68,31.43,TRADE
NSW1,2021/04/24 09:30:00,6877.83,34.30,TRADE
NSW1,2021/04/24 10:00:00,6540.7,29.24,TRADE
NSW1,2021/04/24 10:30:00,6321.56,27.82,TRADE
NSW1,2021/04/24 11:00:00,6132.47,28.13,TRADE
NSW1,2021/04/24 11:30:00,5905.21,20.46,TRADE
NSW1,2021/04/24 12:00:00,5804.36,9.44,TRADE
NSW1,2021/04/24 12:30:00,5694.66,2.81,TRADE
NSW1,2021/04/24 13:00:00,5581.42,20.69,TRADE
NSW1,2021/04/24 13:30:00,5604.78,24.82,TRADE
NSW1,2021/04/24 14:00:00,5684.9,33.85,TRADE
NSW1,2021/04/24 14:30:00,5833.48,36.45,TRADE
NSW1,2021/04/24 15:00:00,6036.36,31.76,TRADE
NSW1,2021/04/24 15:30:00,6352.31,37.73,TRADE
NSW1,2021/04/24 16:00:00,6624.57,44.50,TRADE
NSW1,2021/04/24 16:30:00,7025.69,56.74,TRADE
NSW1,2021/04/24 17:00:00,7431.71,70.16,TRADE
NSW1,2021/04/24 17:30:00,7830.89,104.98,TRADE
NSW1,2021/04/24 18:00:00,8282.37,141.86,TRADE
NSW1,2021/04/24 18:30:00,8467.86,106.24,TRADE
NSW1,2021/04/24 19:00:00,8325.99,73.75,TRADE
NSW1,2021/04/24 19:30:00,8142,68.11,TRADE
NSW1,2021/04/24 20:00:00,8003.34,76.04,TRADE
NSW1,2021/04/24 20:30:00,7895.69,77.16,TRADE
NSW1,2021/04/24 21:00:00,7783.03,75.78,TRADE
NSW1,2021/04/24 21:30:00,7666.26,58.81,TRADE
NSW1,2021/04/24 22:00:00,7596.01,73.43,TRADE
NSW1,2021/04/24 22:30:00,7591.03,75.83,TRADE
NSW1,2021/04/24 23:00:00,7512.09,65.67,TRADE
NSW1,2021/04/24 23:30:00,7402.64,66.05,TRADE
NSW1,2021/04/25 00:00:00,7274.52,53.50,TRADE
NSW1,2021/04/25 00:30:00,7085.15,52.37,TRADE
NSW1,2021/04/25 01:00:00,6968.1,64.53,TRADE
NSW1,2021/04/25 01:30:00,6797.76,61.17,TRADE
NSW1,2021/04/25 02:00:00,6604.81,69.19,TRADE
NSW1,2021/04/25 02:30:00,6381.26,57.66,TRADE
NSW1,2021/04/25 03:00:00,6266.77,46.20,TRADE
NSW1,2021/04/25 03:30:00,6175.41,41.51,TRADE
NSW1,2021/04/25 04:00:00,6135.34,41.11,TRADE
NSW1,2021/04/25 04:30:00,6189.97,44.81,TRADE
NSW1,2021/04/25 05:00:00,6231.72,54.53,TRADE
NSW1,2021/04/25 05:30:00,6285.98,45.43,TRADE
NSW1,2021/04/25 06:00:00,6401.16,47.72,TRADE
NSW1,2021/04/25 06:30:00,6559.78,53.94,TRADE
NSW1,2021/04/25 07:00:00,6735.09,47.54,TRADE
NSW1,2021/04/25 07:30:00,6843.68,43.97,TRADE
NSW1,2021/04/25 08:00:00,6788.2,33.55,TRADE
NSW1,2021/04/25 08:30:00,6708.21,26.51,TRADE
NSW1,2021/04/25 09:00:00,6509.92,30.18,TRADE
NSW1,2021/04/25 09:30:00,6363.2,34.17,TRADE
NSW1,2021/04/25 10:00:00,6054.59,28.19,TRADE
NSW1,2021/04/25 10:30:00,5892.67,22.21,TRADE
NSW1,2021/04/25 11:00:00,5664.46,13.28,TRADE
NSW1,2021/04/25 11:30:00,5555.54,21.11,TRADE
NSW1,2021/04/25 12:00:00,5530.65,18.18,TRADE
NSW1,2021/04/25 12:30:00,5577.43,23.20,TRADE
NSW1,2021/04/25 13:00:00,5552.65,18.46,TRADE
NSW1,2021/04/25 13:30:00,5602.53,23.19,TRADE
NSW1,2021/04/25 14:00:00,5688.12,27.11,TRADE
NSW1,2021/04/25 14:30:00,5817.82,31.45,TRADE
NSW1,2021/04/25 15:00:00,6071.84,33.11,TRADE
NSW1,2021/04/25 15:30:00,6352.4,34.65,TRADE
NSW1,2021/04/25 16:00:00,6679.65,44.51,TRADE
NSW1,2021/04/25 16:30:00,7140.39,49.58,TRADE
NSW1,2021/04/25 17:00:00,7568.39,135.85,TRADE
NSW1,2021/04/25 17:30:00,7956.03,76.01,TRADE
NSW1,2021/04/25 18:00:00,8427.32,154.92,TRADE
NSW1,2021/04/25 18:30:00,8624.07,124.07,TRADE
NSW1,2021/04/25 19:00:00,8527.29,112.10,TRADE
NSW1,2021/04/25 19:30:00,8315.42,75.83,TRADE
NSW1,2021/04/25 20:00:00,8142.79,74,TRADE
NSW1,2021/04/25 20:30:00,7985.39,74,TRADE
NSW1,2021/04/25 21:00:00,7846.29,74,TRADE
NSW1,2021/04/25 21:30:00,7700.51,116.59,TRADE
NSW1,2021/04/25 22:00:00,7501.68,70.38,TRADE
NSW1,2021/04/25 22:30:00,7421.65,58.09,TRADE
NSW1,2021/04/25 23:00:00,7266.96,52.83,TRADE
NSW1,2021/04/25 23:30:00,7180.78,66.44,TRADE
NSW1,2021/04/26 00:00:00,7068.81,65.06,TRADE
NSW1,2021/04/26 00:30:00,6938.98,51.07,TRADE
NSW1,2021/04/26 01:00:00,6811.61,46.61,TRADE
NSW1,2021/04/26 01:30:00,6657.88,42.01,TRADE
NSW1,2021/04/26 02:00:00,6528.8,42.67,TRADE
NSW1,2021/04/26 02:30:00,6379.6,40.75,TRADE
NSW1,2021/04/26 03:00:00,6193.91,40.28,TRADE
NSW1,2021/04/26 03:30:00,6141.08,40.77,TRADE
NSW1,2021/04/26 04:00:00,6117.55,41.35,TRADE
NSW1,2021/04/26 04:30:00,6187.5,41.55,TRADE
NSW1,2021/04/26 05:00:00,6309.28,43.74,TRADE
NSW1,2021/04/26 05:30:00,6623.59,48.55,TRADE
NSW1,2021/04/26 06:00:00,6874.72,44.99,TRADE
NSW1,2021/04/26 06:30:00,7495.61,102.18,TRADE
NSW1,2021/04/26 07:00:00,7950.57,238.14,TRADE
NSW1,2021/04/26 07:30:00,8206.94,284.03,TRADE
NSW1,2021/04/26 08:00:00,8152.74,160.04,TRADE
NSW1,2021/04/26 08:30:00,7985.15,79.58,TRADE
NSW1,2021/04/26 09:00:00,7619.86,75.77,TRADE
NSW1,2021/04/26 09:30:00,7363.64,64.77,TRADE
NSW1,2021/04/26 10:00:00,7065.81,34.43,TRADE
NSW1,2021/04/26 10:30:00,6809.57,37.71,TRADE
NSW1,2021/04/26 11:00:00,6618.95,45.09,TRADE
NSW1,2021/04/26 11:30:00,6524.78,37.54,TRADE
NSW1,2021/04/26 12:00:00,6417.7,33.65,TRADE
NSW1,2021/04/26 12:30:00,6463.95,37.04,TRADE
NSW1,2021/04/26 13:00:00,6439.57,33.58,TRADE
NSW1,2021/04/26 13:30:00,6496.9,37.11,TRADE
NSW1,2021/04/26 14:00:00,6565.74,42.66,TRADE
NSW1,2021/04/26 14:30:00,6677.9,44.95,TRADE
NSW1,2021/04/26 15:00:00,6888.7,48.74,TRADE
NSW1,2021/04/26 15:30:00,7104.47,43.46,TRADE
NSW1,2021/04/26 16:00:00,7521.51,56.93,TRADE
NSW1,2021/04/26 16:30:00,7845.32,95.64,TRADE
NSW1,2021/04/26 17:00:00,8309.04,134.45,TRADE
NSW1,2021/04/26 17:30:00,8718.34,115.07,TRADE
NSW1,2021/04/26 18:00:00,9234.73,298.28,TRADE
NSW1,2021/04/26 18:30:00,9367.19,298.87,TRADE
NSW1,2021/04/26 19:00:00,9232.56,212.34,TRADE
NSW1,2021/04/26 19:30:00,8970.61,98.89,TRADE
NSW1,2021/04/26 20:00:00,8698.36,75.13,TRADE
NSW1,2021/04/26 20:30:00,8498.59,86.67,TRADE
NSW1,2021/04/26 21:00:00,8315.95,77.22,TRADE
NSW1,2021/04/26 21:30:00,8139.78,84.88,TRADE
NSW1,2021/04/26 22:00:00,7942.09,69.75,TRADE
NSW1,2021/04/26 22:30:00,7897.69,74.28,TRADE
NSW1,2021/04/26 23:00:00,7780.08,66.05,TRADE
NSW1,2021/04/26 23:30:00,7655.07,67.38,TRADE
NSW1,2021/04/27 00:00:00,7561.66,64.59,TRADE
NSW1,2021/04/27 00:30:00,7451.49,64.20,TRADE
NSW1,2021/04/27 01:00:00,7321.2,52.41,TRADE
NSW1,2021/04/27 01:30:00,7155.92,46.15,TRADE
NSW1,2021/04/27 02:00:00,6921.63,43.28,TRADE
NSW1,2021/04/27 02:30:00,6667.55,46.60,TRADE
NSW1,2021/04/27 03:00:00,6475.63,51.98,TRADE
NSW1,2021/04/27 03:30:00,6359.76,46.01,TRADE
NSW1,2021/04/27 04:00:00,6289.64,42.94,TRADE
NSW1,2021/04/27 04:30:00,6374.09,52.31,TRADE
NSW1,2021/04/27 05:00:00,6498.84,44.20,TRADE
NSW1,2021/04/27 05:30:00,6777.24,56.61,TRADE
NSW1,2021/04/27 06:00:00,7086.9,77.41,TRADE
NSW1,2021/04/27 06:30:00,7657.93,155.91,TRADE
NSW1,2021/04/27 07:00:00,8142.95,299.99,TRADE
NSW1,2021/04/27 07:30:00,8304.96,299.99,TRADE
NSW1,2021/04/27 08:00:00,8348.11,211,TRADE
NSW1,2021/04/27 08:30:00,8048.2,77.21,TRADE
NSW1,2021/04/27 09:00:00,7657.77,70.70,TRADE
NSW1,2021/04/27 09:30:00,7405.87,65.76,TRADE
NSW1,2021/04/27 10:00:00,7120.82,58.12,TRADE
NSW1,2021/04/27 10:30:00,6921.76,53.54,TRADE
NSW1,2021/04/27 11:00:00,6823.69,55.12,TRADE
NSW1,2021/04/27 11:30:00,6729.03,41.74,TRADE
NSW1,2021/04/27 12:00:00,6677.83,36.37,TRADE
NSW1,2021/04/27 12:30:00,6564.69,41.19,TRADE
NSW1,2021/04/27 13:00:00,6582.9,32.07,TRADE
NSW1,2021/04/27 13:30:00,6601.03,36.38,TRADE
NSW1,2021/04/27 14:00:00,6710.69,44.34,TRADE
NSW1,2021/04/27 14:30:00,6897.16,53.49,TRADE
NSW1,2021/04/27 15:00:00,7060.76,57.30,TRADE
NSW1,2021/04/27 15:30:00,7297.72,41.51,TRADE
NSW1,2021/04/27 16:00:00,7608.23,54.26,TRADE
NSW1,2021/04/27 16:30:00,7970.02,75.54,TRADE
NSW1,2021/04/27 17:00:00,8374.09,87.96,TRADE
NSW1,2021/04/27 17:30:00,8738.31,179.28,TRADE
NSW1,2021/04/27 18:00:00,9249.63,299.99,TRADE
NSW1,2021/04/27 18:30:00,9356.86,299.79,TRADE
NSW1,2021/04/27 19:00:00,9198.76,267.40,TRADE
NSW1,2021/04/27 19:30:00,8921.24,120.44,TRADE
NSW1,2021/04/27 20:00:00,8729.78,89.56,TRADE
NSW1,2021/04/27 20:30:00,8559.71,75.79,TRADE
NSW1,2021/04/27 21:00:00,8356.68,94.09,TRADE
NSW1,2021/04/27 21:30:00,8224.68,72.67,TRADE
NSW1,2021/04/27 22:00:00,7977.4,57.64,TRADE
NSW1,2021/04/27 22:30:00,7915.58,68.47,TRADE
NSW1,2021/04/27 23:00:00,7769.57,52.69,TRADE
NSW1,2021/04/27 23:30:00,7667.28,51,TRADE
NSW1,2021/04/28 00:00:00,7597.74,66.57,TRADE
NSW1,2021/04/28 00:30:00,7434.64,52.44,TRADE
NSW1,2021/04/28 01:00:00,7312.72,46.57,TRADE
NSW1,2021/04/28 01:30:00,7100.62,41.25,TRADE
NSW1,2021/04/28 02:00:00,6880.38,39.21,TRADE
NSW1,2021/04/28 02:30:00,6635.81,40.06,TRADE
NSW1,2021/04/28 03:00:00,6396.43,41.23,TRADE
NSW1,2021/04/28 03:30:00,6305.6,40.33,TRADE
NSW1,2021/04/28 04:00:00,6272.38,41.42,TRADE
NSW1,2021/04/28 04:30:00,6296.53,41.59,TRADE
NSW1,2021/04/28 05:00:00,6404.98,46.95,TRADE
NSW1,2021/04/28 05:30:00,6649.63,56.22,TRADE
NSW1,2021/04/28 06:00:00,6945.95,66.93,TRADE
NSW1,2021/04/28 06:30:00,7555.29,96.36,TRADE
NSW1,2021/04/28 07:00:00,7990.47,243.02,TRADE
NSW1,2021/04/28 07:30:00,8145.55,238.50,TRADE
NSW1,2021/04/28 08:00:00,8142.28,205.53,TRADE
NSW1,2021/04/28 08:30:00,7863.51,65,TRADE
NSW1,2021/04/28 09:00:00,7544.08,48.50,TRADE
NSW1,2021/04/28 09:30:00,7270.99,34.28,TRADE
NSW1,2021/04/28 10:00:00,7119.78,33.78,TRADE
NSW1,2021/04/28 10:30:00,7035.63,37.75,TRADE
NSW1,2021/04/28 11:00:00,6914.94,32.69,TRADE
NSW1,2021/04/28 11:30:00,6861.34,35.50,TRADE
NSW1,2021/04/28 12:00:00,6833.54,37.73,TRADE
NSW1,2021/04/28 12:30:00,6868.19,38.98,TRADE
NSW1,2021/04/28 13:00:00,6932.79,36.45,TRADE
NSW1,2021/04/28 13:30:00,6930.83,35.60,TRADE
NSW1,2021/04/28 14:00:00,6965.21,42.42,TRADE
NSW1,2021/04/28 14:30:00,7071.23,48.12,TRADE
NSW1,2021/04/28 15:00:00,7251.87,41.22,TRADE
NSW1,2021/04/28 15:30:00,7438.68,45.83,TRADE
NSW1,2021/04/28 16:00:00,7682.87,58.62,TRADE
NSW1,2021/04/28 16:30:00,7893.8,64.01,TRADE
NSW1,2021/04/28 17:00:00,8273.79,79.78,TRADE
NSW1,2021/04/28 17:30:00,8671.07,128.73,TRADE
NSW1,2021/04/28 18:00:00,9102.02,261.96,TRADE
NSW1,2021/04/28 18:30:00,9161.67,297.98,TRADE
NSW1,2021/04/28 19:00:00,9068.89,243.57,TRADE
NSW1,2021/04/28 19:30:00,8815.93,146.56,TRADE
NSW1,2021/04/28 20:00:00,8617.68,136.21,TRADE
NSW1,2021/04/28 20:30:00,8472.08,113.52,TRADE
NSW1,2021/04/28 21:00:00,8320.79,155.20,TRADE
NSW1,2021/04/28 21:30:00,8127.89,86.03,TRADE
NSW1,2021/04/28 22:00:00,7921,63.08,TRADE
NSW1,2021/04/28 22:30:00,7897.99,74.95,TRADE
NSW1,2021/04/28 23:00:00,7739.5,89.90,TRADE
NSW1,2021/04/28 23:30:00,7649.48,170.17,TRADE
NSW1,2021/04/29 00:00:00,7575.67,178.26,TRADE
NSW1,2021/04/29 00:30:00,7443.67,103.54,TRADE
NSW1,2021/04/29 01:00:00,7324.35,89.42,TRADE
NSW1,2021/04/29 01:30:00,7128.61,72.89,TRADE
NSW1,2021/04/29 02:00:00,6891.93,57.28,TRADE
NSW1,2021/04/29 02:30:00,6674.15,54.08,TRADE
NSW1,2021/04/29 03:00:00,6466.6,53.65,TRADE
NSW1,2021/04/29 03:30:00,6355.23,50.85,TRADE
NSW1,2021/04/29 04:00:00,6300.09,53.30,TRADE
NSW1,2021/04/29 04:30:00,6348.46,44.35,TRADE
NSW1,2021/04/29 05:00:00,6476.7,48.28,TRADE
NSW1,2021/04/29 05:30:00,6775.85,54.39,TRADE
NSW1,2021/04/29 06:00:00,7143.47,70.06,TRADE
NSW1,2021/04/29 06:30:00,7692.98,177.49,TRADE
NSW1,2021/04/29 07:00:00,8146.55,235.07,TRADE
NSW1,2021/04/29 07:30:00,8323.14,247.75,TRADE
NSW1,2021/04/29 08:00:00,8336.41,157.14,TRADE
NSW1,2021/04/29 08:30:00,8106.31,141.59,TRADE
NSW1,2021/04/29 09:00:00,7707.64,57.05,TRADE
NSW1,2021/04/29 09:30:00,7410.27,50.98,TRADE
NSW1,2021/04/29 10:00:00,7127.7,42.94,TRADE
NSW1,2021/04/29 10:30:00,6927.32,36.83,TRADE
NSW1,2021/04/29 11:00:00,6728.08,35.84,TRADE
NSW1,2021/04/29 11:30:00,6631.16,38.37,TRADE
NSW1,2021/04/29 12:00:00,6584.77,36.76,TRADE
NSW1,2021/04/29 12:30:00,6540.45,35.31,TRADE
NSW1,2021/04/29 13:00:00,6585.07,34.91,TRADE
NSW1,2021/04/29 13:30:00,6647.99,45.31,TRADE
NSW1,2021/04/29 14:00:00,6733.81,41.66,TRADE
NSW1,2021/04/29 14:30:00,6918.26,41.86,TRADE
NSW1,2021/04/29 15:00:00,7151.03,56.72,TRADE
NSW1,2021/04/29 15:30:00,7372.64,51.63,TRADE
NSW1,2021/04/29 16:00:00,7710.51,105.69,TRADE
NSW1,2021/04/29 16:30:00,8015.84,125.29,TRADE
NSW1,2021/04/29 17:00:00,8397.84,199.61,TRADE
NSW1,2021/04/29 17:30:00,8744.71,205.03,TRADE
NSW1,2021/04/29 18:00:00,9221.47,272.62,TRADE
NSW1,2021/04/29 18:30:00,9269.29,289.25,TRADE
NSW1,2021/04/29 19:00:00,9143.62,141.49,TRADE
NSW1,2021/04/29 19:30:00,8891.94,107.22,TRADE
NSW1,2021/04/29 20:00:00,8746.84,131.41,TRADE
NSW1,2021/04/29 20:30:00,8529.02,93.61,TRADE
NSW1,2021/04/29 21:00:00,8380.6,66.81,TRADE
NSW1,2021/04/29 21:30:00,8202.19,62.69,TRADE
NSW1,2021/04/29 22:00:00,8022.11,60.20,TRADE
NSW1,2021/04/29 22:30:00,7987.73,60.25,TRADE
NSW1,2021/04/29 23:00:00,7821,57.25,TRADE
NSW1,2021/04/29 23:30:00,7763.69,58.32,TRADE
NSW1,2021/04/30 00:00:00,7627.38,57.63,TRADE
NSW1,2021/04/30 00:30:00,7482.43,59.43,TRADE
NSW1,2021/04/30 01:00:00,7395.73,60.81,TRADE
NSW1,2021/04/30 01:30:00,7210.77,50.64,TRADE
NSW1,2021/04/30 02:00:00,7007.57,52.94,TRADE
NSW1,2021/04/30 02:30:00,6771.39,43.29,TRADE
NSW1,2021/04/30 03:00:00,6563.88,41.15,TRADE
NSW1,2021/04/30 03:30:00,6407.36,36.20,TRADE
NSW1,2021/04/30 04:00:00,6348.62,34.98,TRADE
NSW1,2021/04/30 04:30:00,6389.61,35.99,TRADE
NSW1,2021/04/30 05:00:00,6562.71,40.04,TRADE
NSW1,2021/04/30 05:30:00,6807.23,44.04,TRADE
NSW1,2021/04/30 06:00:00,7100.24,44.78,TRADE
NSW1,2021/04/30 06:30:00,7649.94,68.54,TRADE
NSW1,2021/04/30 07:00:00,8102.75,181.76,TRADE
NSW1,2021/04/30 07:30:00,8282.94,101.08,TRADE
NSW1,2021/04/30 08:00:00,8326.53,66,TRADE
NSW1,2021/04/30 08:30:00,8165.54,46.12,TRADE
NSW1,2021/04/30 09:00:00,7854.5,37.43,TRADE
NSW1,2021/04/30 09:30:00,7602.67,38.04,TRADE
NSW1,2021/04/30 10:00:00,7299.7,35.54,TRADE
NSW1,2021/04/30 10:30:00,7100.68,36.24,TRADE
NSW1,2021/04/30 11:00:00,6920.26,36.08,TRADE
NSW1,2021/04/30 11:30:00,6852.6,40.59,TRADE
NSW1,2021/04/30 12:00:00,6809.13,41.23,TRADE
NSW1,2021/04/30 12:30:00,6867.48,41.76,TRADE
NSW1,2021/04/30 13:00:00,6921.71,37.19,TRADE
NSW1,2021/04/30 13:30:00,6958.73,43.23,TRADE
NSW1,2021/04/30 14:00:00,7026,37.69,TRADE
NSW1,2021/04/30 14:30:00,7120.79,53.37,TRADE
NSW1,2021/04/30 15:00:00,7270.8,40.53,TRADE
NSW1,2021/04/30 15:30:00,7478.93,40.26,TRADE
NSW1,2021/04/30 16:00:00,7744.34,74.74,TRADE
NSW1,2021/04/30 16:30:00,8046.32,66.19,TRADE
NSW1,2021/04/30 17:00:00,8380.6,127.95,TRADE
NSW1,2021/04/30 17:30:00,8656.02,67.09,TRADE
NSW1,2021/04/30 18:00:00,8962.88,104.69,TRADE
NSW1,2021/04/30 18:30:00,8971.47,67.30,TRADE
NSW1,2021/04/30 19:00:00,8733.55,62.87,TRADE
NSW1,2021/04/30 19:30:00,8529.05,60.87,TRADE
NSW1,2021/04/30 20:00:00,8296.61,62.17,TRADE
NSW1,2021/04/30 20:30:00,8164.89,63.62,TRADE
NSW1,2021/04/30 21:00:00,8037.61,61.11,TRADE
NSW1,2021/04/30 21:30:00,7925.83,53.56,TRADE
NSW1,2021/04/30 22:00:00,7775.01,35.58,TRADE
NSW1,2021/04/30 22:30:00,7820.63,45.03,TRADE
NSW1,2021/04/30 23:00:00,7684.24,39.07,TRADE
NSW1,2021/04/30 23:30:00,7664.12,38.83,TRADE
NSW1,2021/05/01 00:00:00,7603.08,35.65,TRADE
